Timestamp;Battery voltage;Illumination intensity;Movement;CO2;Humidity;Temperature;RSSI;SF;SNR
2022-12-19 12:47:46;3,664;94;0;952;32;21;-83;7;9
2022-12-19 12:57:46;3,664;90;0;907;32;21;-85;7;11,5
2022-12-19 13:17:46;3,661;47;0;898;32;20,9;-81;7;8,8
2022-12-19 13:27:46;3,661;67;0;871;32;20,8;-81;7;0,5
2022-12-19 13:37:46;3,661;50;0;867;32;20,7;-79;7;8,5
2022-12-19 13:57:46;3,664;47;0;853;32;20,7;-77;7;7,2
2022-12-19 14:07:47;3,661;50;0;826;32;20,8;-83;7;10,2
2022-12-19 14:17:46;3,661;50;0;833;33;20,7;-83;7;10
2022-12-19 14:37:46;3,659;26;0;792;32;20,7;-79;7;8
2022-12-19 14:47:46;3,661;23;0;812;32;20,7;-83;7;9
2022-12-19 15:07:47;3,661;13;0;821;33;20,7;-79;7;7,2
2022-12-19 15:17:46;3,661;10;0;817;33;20,7;-85;7;7,5
2022-12-19 16:17:46;3,664;3;0;784;33;20,7;-80;7;8,5
2022-12-19 16:27:46;3,664;3;0;790;33;20,7;-80;7;7
2022-12-19 17:07:46;3,661;0;0;757;33;20,7;-81;7;9,5
2022-12-19 17:17:46;3,664;0;0;755;33;20,8;-81;7;10,8
2022-12-19 17:27:45;3,664;3;0;740;33;20,7;-81;7;9
2022-12-19 17:37:46;3,661;0;0;737;33;20,7;-81;7;10,8
2022-12-19 18:07:45;3,664;3;0;726;33;20,6;-79;7;9,2
2022-12-19 18:37:45;3,664;3;0;706;33;20,5;-80;7;12
2022-12-19 19:17:45;3,664;3;0;682;33;20,4;-81;7;7,2
2022-12-19 19:27:45;3,661;3;0;686;33;20,3;-83;7;9,8
2022-12-19 19:37:45;3,664;0;0;697;33;20,3;-80;7;10,2
2022-12-19 19:57:45;3,664;3;0;665;33;20,3;-79;7;8,5
2022-12-19 21:07:45;3,664;0;0;648;33;20,1;-81;7;7,8
2022-12-19 21:17:45;3,664;0;0;645;34;20,1;-79;7;10,5
2022-12-19 21:27:44;3,664;0;0;647;34;20,1;-79;7;10,2
2022-12-19 21:57:45;3,664;0;0;645;34;20,1;-80;7;9
2022-12-19 22:57:44;3,664;0;0;624;34;20;-77;7;8,2
2022-12-19 23:17:45;3,664;0;0;647;34;20;-81;7;7,8
2022-12-19 23:27:44;3,664;0;0;618;34;20;-81;7;9,8
2022-12-19 23:37:44;3,664;0;0;632;34;20;-77;7;9,2
2022-12-20 00:07:45;3,664;0;0;621;34;19,9;-80;7;11
2022-12-20 00:17:44;3,664;0;0;627;34;19,9;-80;7;11
2022-12-20 00:47:44;3,664;0;0;621;34;19,9;-80;7;10,2
2022-12-20 01:17:45;3,664;0;0;620;34;19,9;-79;7;9,8
2022-12-20 01:27:45;3,664;0;0;618;34;19,9;-78;7;9
2022-12-20 01:37:44;3,664;0;0;608;34;19,8;-79;7;8,5
2022-12-20 01:47:44;3,664;0;0;617;34;19,8;-78;7;8
2022-12-20 02:47:44;3,664;0;0;601;34;19,8;-78;7;9,8
2022-12-20 03:37:44;3,664;0;0;592;34;19,8;-77;7;9,2
2022-12-20 03:47:44;3,664;0;0;589;34;19,7;-79;7;7
2022-12-20 04:07:44;3,664;0;0;583;34;19,8;-78;7;8,5
2022-12-20 04:17:44;3,664;0;0;567;34;19,7;-78;7;7,8
2022-12-20 05:37:43;3,664;0;0;577;34;19,6;-80;7;10,8
2022-12-20 05:47:43;3,664;3;0;584;34;19,7;-77;7;9
2022-12-20 06:37:43;3,664;0;2;568;34;19,7;-77;7;8,5
2022-12-20 06:47:43;3,664;0;0;568;34;19,7;-77;7;8,8
2022-12-20 06:57:44;3,664;0;0;573;34;19,7;-78;7;11
2022-12-20 07:07:43;3,664;3;3;569;39;19,8;-76;7;10,8
2022-12-20 07:17:43;3,661;0;0;593;41;19,9;-79;7;9,8
2022-12-20 08:07:43;3,664;0;0;572;37;20,1;-79;7;10
2022-12-20 08:17:43;3,664;266;7;655;37;20,2;-81;7;10,2
2022-12-20 08:27:43;3,661;252;3;930;39;20,5;-79;7;7
2022-12-20 08:57:43;3,661;235;0;1276;38;21,7;-84;7;9
2022-12-20 09:17:42;3,661;20;11;928;36;21,6;-81;7;9,2
2022-12-20 09:27:42;3,661;57;0;891;36;21,3;-80;7;9,2
2022-12-20 09:37:43;3,661;37;0;886;36;21;-77;7;8
2022-12-20 09:57:42;3,664;114;0;867;36;20,8;-81;7;5,5
2022-12-20 10:47:42;3,664;161;0;832;36;20,5;-77;7;10,2
2022-12-20 10:57:42;3,661;208;0;823;36;20,6;-75;7;7,2
2022-12-20 11:07:43;3,664;262;0;813;36;20,6;-77;7;10,5
2022-12-20 11:17:42;3,664;276;0;815;36;20,6;-79;7;8,8
2022-12-20 11:27:42;3,661;741;0;806;36;20,6;-77;7;10,2
2022-12-20 11:47:42;3,661;212;0;770;36;20,6;-80;7;10,5
2022-12-20 12:07:42;3,661;410;0;756;36;20,6;-76;7;9,5
2022-12-20 12:17:42;3,661;262;0;760;36;20,6;-75;7;7
2022-12-20 12:47:42;3,664;363;0;738;36;20,6;-79;7;8,5
2022-12-20 12:57:41;3,661;168;0;727;36;20,6;-83;7;10
2022-12-20 13:07:42;3,664;215;0;741;36;20,6;-81;7;6,8
2022-12-20 13:37:42;3,664;77;0;731;36;20,6;-75;7;7,5
2022-12-20 13:57:42;3,661;33;0;707;36;20,6;-81;7;2,5
2022-12-20 14:17:42;3,664;53;0;706;35;20,6;-80;7;10,8
2022-12-20 15:17:42;3,661;16;0;687;35;20,6;-81;7;9,8
2022-12-20 15:37:42;3,664;13;0;693;35;20,6;-79;7;9,5
2022-12-20 16:07:41;3,664;262;2;952;37;21,1;-83;7;9,8
2022-12-20 16:17:41;3,664;252;0;1109;37;21,4;-76;7;10,5
2022-12-20 16:37:41;3,661;245;0;1197;36;22;-80;7;10,2
2022-12-20 16:47:42;3,664;225;7;1185;36;22,2;-80;7;9,8
2022-12-20 17:37:41;3,661;3;0;1049;36;21,1;-75;7;9
2022-12-20 17:47:41;3,661;3;10;1154;37;21,1;-75;7;7,8
2022-12-20 17:57:41;3,661;0;0;1149;37;21,1;-78;7;9,8
2022-12-20 18:57:41;3,661;0;0;1069;37;20,6;-79;7;10
2022-12-20 19:17:41;3,664;3;0;1019;37;20,5;-80;7;8,8
2022-12-20 19:27:40;3,661;0;0;1018;37;20,5;-80;7;9,8
2022-12-20 19:37:41;3,661;0;0;1013;37;20,5;-77;7;10,8
2022-12-20 19:47:41;3,664;0;0;987;37;20,4;-77;7;11,2
2022-12-20 20:17:40;3,661;0;0;967;37;20,3;-75;7;7
2022-12-20 20:57:40;3,664;0;0;942;37;20,4;-77;7;9,8
2022-12-20 21:17:41;3,664;0;0;933;37;20,3;-75;7;9,8
2022-12-20 22:57:40;3,664;0;0;864;37;20,2;-77;7;8,2
2022-12-20 23:07:40;3,664;0;0;872;37;20,2;-78;7;8,2
2022-12-20 23:27:41;3,664;0;0;865;37;20,1;-80;7;10,5
2022-12-20 23:47:40;3,664;0;0;860;37;20,2;-78;7;7,5
2022-12-20 23:57:40;3,664;0;0;859;37;20,1;-78;7;10,5
2022-12-21 00:47:40;3,664;0;0;837;37;20,1;-80;7;9,5
2022-12-21 01:27:40;3,664;0;0;838;36;20,1;-77;7;9
2022-12-21 02:17:40;3,664;0;0;797;36;20;-76;7;10
2022-12-21 02:37:39;3,664;0;0;785;36;20;-78;7;10,8
2022-12-21 02:47:40;3,664;0;0;793;36;20,1;-76;7;8,2
2022-12-21 04:27:39;3,661;0;0;761;36;20;-77;7;9,8
2022-12-21 04:37:40;3,664;0;0;757;36;19,9;-81;7;8,2
2022-12-21 04:47:39;3,664;0;0;755;36;19,9;-81;7;10,8
2022-12-21 05:27:39;3,664;0;0;746;36;19,9;-77;7;9,5
2022-12-21 05:37:39;3,664;3;0;731;36;19,9;-80;7;8,5
2022-12-21 05:57:39;3,664;0;0;723;36;19,9;-80;7;10
2022-12-21 06:37:39;3,664;0;0;735;37;19,9;-79;7;9,5
2022-12-21 06:47:39;3,664;0;0;726;37;19,9;-78;7;9,8
2022-12-21 07:17:39;3,664;0;0;729;36;20,2;-80;7;6,8
2022-12-21 07:37:38;3,661;0;0;708;36;20,2;-78;7;10,5
2022-12-21 07:57:38;3,664;266;11;748;37;20,3;-76;7;9
2022-12-21 08:07:38;3,661;239;1;753;38;20,6;-77;7;10,5
2022-12-21 08:17:38;3,661;249;7;675;37;20,9;-79;7;9,5
2022-12-21 08:27:39;3,664;249;0;617;38;21;-78;7;9,5
2022-12-21 08:57:38;3,664;30;0;495;37;20,6;-76;7;10,8
2022-12-21 09:07:39;3,661;47;0;507;37;20,4;-79;7;4,5
2022-12-21 09:27:38;3,664;94;0;536;37;20,1;-76;7;8,8
2022-12-21 09:47:38;3,661;63;0;572;37;20;-79;7;10
2022-12-21 09:57:38;3,664;67;6;622;38;20,1;-77;7;11
2022-12-21 10:07:39;3,664;107;0;645;38;20,2;-78;7;9,5
2022-12-21 10:27:38;3,664;104;0;631;38;20,4;-75;7;9,5
2022-12-21 10:57:38;3,661;87;0;647;37;20,5;-79;7;9,5
2022-12-21 11:07:38;3,661;97;0;641;37;20,5;-78;7;9
2022-12-21 11:37:38;3,661;77;2;639;38;20,6;-75;7;9,5
2022-12-21 11:47:38;3,664;87;4;691;38;20,8;-77;7;7,5
2022-12-21 12:27:38;3,664;97;0;678;37;20,8;-77;7;11,5
2022-12-21 12:37:38;3,661;90;0;711;37;20,7;-76;7;8,8
2022-12-21 13:27:38;3,661;191;1;833;38;21,4;-79;7;10,2
2022-12-21 13:37:38;3,664;138;0;825;37;21,3;-79;7;9,8
2022-12-21 14:07:37;3,664;350;3;955;39;21,2;-89;7;10,2
2022-12-21 14:47:37;3,664;316;0;929;40;22;-81;7;8,8
2022-12-21 14:57:37;3,661;296;2;792;39;22,1;-81;7;9,2
2022-12-21 15:37:38;3,661;286;0;800;38;22;-80;7;8,2
2022-12-21 15:57:37;3,659;276;0;994;38;22,4;-80;7;11
2022-12-21 16:07:37;3,661;272;0;1048;38;22,4;-77;7;9,2
2022-12-21 16:57:37;3,659;259;0;853;37;22,4;-81;7;11,5
2022-12-21 17:07:36;3,661;262;2;817;36;22,4;-81;7;10,8
2022-12-21 17:17:37;3,661;249;1;879;36;22,4;-77;7;7,8
2022-12-21 17:27:37;3,661;262;20;874;36;22,6;-81;7;11
2022-12-21 17:37:37;3,661;262;0;841;36;22,5;-79;7;7
2022-12-21 17:47:37;3,661;262;2;868;36;22,5;-80;7;8
2022-12-21 17:57:37;3,661;3;8;775;36;22,5;-78;7;7,2
2022-12-21 18:07:36;3,661;0;0;787;35;22,4;-77;7;10
2022-12-21 18:17:36;3,661;3;0;777;36;22;-115;7;-6,2
2022-12-21 18:27:36;3,661;0;0;806;36;21,8;-76;7;7
2022-12-21 19:07:36;3,661;0;0;764;37;21;-78;7;10
2022-12-21 19:27:37;3,661;0;0;761;38;20,9;-78;7;9,8
2022-12-21 19:57:36;3,664;0;0;747;38;20,7;-76;7;10
2022-12-21 20:17:36;3,664;0;0;751;38;20,6;-77;7;7,2
2022-12-21 20:27:36;3,664;0;0;735;38;20,6;-77;7;10,5
2022-12-21 20:37:36;3,664;0;0;732;38;20,6;-76;7;7,5
2022-12-21 20:57:36;3,664;0;0;722;38;20,6;-77;7;10
2022-12-21 21:07:36;3,664;0;0;711;38;20,5;-76;7;7,5
2022-12-21 21:27:36;3,664;0;0;718;38;20,5;-75;7;9,8
2022-12-21 22:37:36;3,664;0;0;696;38;20,4;-116;7;-1,5
2022-12-21 22:47:36;3,664;0;0;712;38;20,3;-77;7;8,2
2022-12-21 23:17:36;3,664;0;0;707;38;20,3;-79;7;6,5
2022-12-21 23:37:35;3,664;0;0;706;38;20,3;-78;7;10,2
2022-12-22 00:07:35;3,664;0;0;698;38;20,2;-77;7;10,2
2022-12-22 00:27:35;3,664;0;0;690;38;20,2;-77;7;9,2
2022-12-22 00:37:35;3,664;0;0;691;38;20,2;-76;7;7
2022-12-22 00:57:35;3,664;0;0;667;38;20,2;-75;7;9,5
2022-12-22 01:17:35;3,664;0;0;680;38;20,2;-77;7;10
2022-12-22 01:37:36;3,664;0;0;660;38;20,2;-75;7;7
2022-12-22 01:47:35;3,664;0;0;661;38;20,2;-74;7;6,8
2022-12-22 01:57:35;3,664;0;0;663;38;20,1;-78;7;9
2022-12-22 02:37:35;3,664;0;0;651;38;20,1;-77;7;10,2
2022-12-22 02:47:35;3,664;0;0;658;38;20,1;-77;7;10,5
2022-12-22 02:57:35;3,664;0;0;659;38;20,1;-77;7;10,2
2022-12-22 03:07:35;3,664;0;0;654;38;20,1;-77;7;7,2
2022-12-22 03:47:35;3,664;0;0;630;38;20,1;-75;7;8,5
2022-12-22 04:07:34;3,664;0;0;634;37;20;-77;7;9,8
2022-12-22 04:37:35;3,664;0;0;632;37;20;-77;7;7,2
2022-12-22 04:57:35;3,664;0;0;638;37;20;-79;7;10,5
2022-12-22 05:37:34;3,664;0;0;633;37;19,9;-77;7;7,8
2022-12-22 06:17:34;3,664;3;1;622;38;20;-79;7;9,8
2022-12-22 06:27:35;3,664;3;0;619;38;20;-79;7;9,8
2022-12-22 06:37:34;3,664;0;0;642;37;20;-79;7;9,2
2022-12-22 06:47:34;3,661;3;0;617;37;20;-77;7;10,2
2022-12-22 07:07:34;3,664;0;0;639;37;20,1;-78;7;9,8
2022-12-22 07:27:34;3,661;0;0;629;37;20,2;-80;7;11
2022-12-22 07:57:34;3,664;262;4;874;39;21,1;-79;7;10,8
2022-12-22 08:17:34;3,661;242;2;1003;39;21,6;-77;7;7,8
2022-12-22 09:07:34;3,661;13;0;952;38;21,1;-78;7;7
2022-12-22 09:17:34;3,664;50;0;930;38;21;-78;7;9,2
2022-12-22 10:27:34;3,664;286;7;1155;39;21,2;-77;7;9
2022-12-22 10:37:34;3,664;319;6;789;38;21,5;-77;7;9
2022-12-22 11:17:33;3,661;333;0;724;38;21,9;-82;7;8,2
2022-12-22 11:27:33;3,661;323;5;758;38;22,1;-80;7;10,5
2022-12-22 11:47:33;3,664;296;0;937;38;22,3;-81;7;6,8
2022-12-22 11:57:33;3,661;309;0;989;38;22,4;-81;7;9
2022-12-22 12:07:33;3,661;373;0;1036;38;22,4;-79;7;9,2
2022-12-22 12:27:33;3,661;609;0;1138;38;22,6;-79;7;8,8
2022-12-22 12:47:33;3,664;1727;0;1110;37;22,6;-81;7;9,5
2022-12-22 12:57:33;3,661;852;4;1101;37;22,4;-80;7;8,8
2022-12-22 13:17:33;3,661;973;33;1276;38;22,4;-81;7;9,5
2022-12-22 13:37:33;3,661;697;0;1487;39;22,6;-78;7;9,2
2022-12-22 13:47:33;3,661;565;0;1540;38;22,8;-81;7;10,2
2022-12-22 14:07:33;3,659;1125;5;2146;40;23;-80;7;10,8
2022-12-22 14:37:33;3,661;771;0;2328;40;23,3;-80;7;7,8
2022-12-22 14:47:32;3,661;778;3;1458;38;23;-81;7;9,8
2022-12-22 15:17:32;3,664;350;2;781;37;22,7;-79;7;8,8
2022-12-22 15:57:32;3,664;16;0;868;38;22,2;-81;7;9,2
2022-12-22 17:27:32;3,664;0;0;816;38;21,5;-116;7;-6,5
2022-12-22 18:47:32;3,664;0;0;787;39;21,1;-77;7;9,5
2022-12-22 19:07:32;3,664;0;0;768;39;21;-78;7;7,2
2022-12-22 19:17:31;3,664;0;0;770;39;21;-79;7;10,2
2022-12-22 19:37:31;3,664;0;0;754;39;21;-79;7;10,5
2022-12-22 19:47:31;3,664;3;0;756;39;20,9;-80;7;7,5
2022-12-22 20:07:32;3,661;0;0;769;39;20,9;-77;7;8,8
2022-12-22 20:27:32;3,664;0;0;739;39;20,8;-79;7;7,5
2022-12-22 21:07:31;3,664;0;0;714;39;20,8;-79;7;7
2022-12-22 21:17:31;3,664;0;0;718;39;20,7;-77;7;9,2
2022-12-22 21:27:31;3,664;0;0;730;39;20,7;-78;7;9
2022-12-22 21:37:32;3,664;0;0;718;39;20,7;-78;7;7,5
2022-12-22 21:57:32;3,664;0;0;712;39;20,7;-79;7;10,5
2022-12-22 22:07:32;3,664;0;0;717;39;20,6;-78;7;10,8
2022-12-22 22:27:32;3,661;0;0;705;39;20,6;-78;7;8,5
2022-12-22 22:37:31;3,664;0;0;697;38;20,6;-80;7;11,2
2022-12-22 22:47:31;3,664;0;0;699;38;20,6;-77;7;9,8
2022-12-22 23:27:31;3,664;0;0;689;39;20,5;-76;7;9,5
2022-12-22 23:37:31;3,664;0;0;694;38;20,5;-78;7;10
2022-12-22 23:47:31;3,664;0;0;689;38;20,5;-80;7;5,5
2022-12-22 23:57:31;3,664;0;0;687;38;20,5;-78;7;9,2
2022-12-23 00:37:31;3,664;0;0;683;38;20,4;-80;7;7,8
2022-12-23 00:47:31;3,664;0;0;663;38;20,5;-77;7;10,2
2022-12-23 00:57:31;3,664;0;0;668;38;20,4;-77;7;9,8
2022-12-23 01:27:30;3,664;0;0;687;38;20,4;-79;7;9,2
2022-12-23 01:37:31;3,664;0;0;656;38;20,4;-77;7;7
2022-12-23 01:47:31;3,664;0;0;661;38;20,4;-78;7;7,2
2022-12-23 02:07:30;3,664;0;0;652;38;20,4;-78;7;10,8
2022-12-23 02:17:31;3,664;0;0;664;38;20,4;-78;7;9,5
2022-12-23 02:57:31;3,664;0;0;653;38;20,3;-77;7;7,2
2022-12-23 03:07:30;3,664;0;0;651;38;20,3;-79;7;11,2
2022-12-23 03:47:30;3,661;0;0;636;38;20,2;-79;7;8,8
2022-12-23 04:07:30;3,664;0;0;631;38;20,2;-79;7;8,5
2022-12-23 04:17:31;3,664;0;0;636;38;20,2;-76;7;8,8
2022-12-23 04:37:30;3,664;0;0;622;38;20,2;-80;7;11,2
2022-12-23 04:47:31;3,664;0;0;620;38;20,2;-78;7;9,5
2022-12-23 05:27:30;3,661;0;0;619;38;20,2;-80;7;10
2022-12-23 05:37:30;3,664;0;0;621;38;20,1;-79;7;7
2022-12-23 05:47:30;3,664;3;3;615;38;20,1;-79;7;7,2
2022-12-23 06:17:30;3,664;0;0;595;38;20,2;-80;7;9,8
2022-12-23 06:27:30;3,664;0;0;615;38;20,2;-81;7;7,8
2022-12-23 07:07:29;3,661;0;0;609;38;20,3;-80;7;7,8
2022-12-23 07:17:30;3,664;0;0;597;38;20,4;-77;7;10
2022-12-23 07:27:29;3,664;0;0;618;38;20,4;-77;7;10,8
2022-12-23 07:37:30;3,664;0;0;598;37;20,5;-78;7;9,2
2022-12-23 07:57:30;3,664;0;0;601;37;20,5;-79;7;9,2
2022-12-23 08:07:29;3,664;0;0;585;37;20,6;-79;7;10
2022-12-23 08:27:29;3,664;3;0;579;37;20,7;-81;7;11,5
2022-12-23 08:57:30;3,664;10;0;599;37;20,7;-79;7;8,5
2022-12-23 09:07:30;3,664;16;0;584;37;20,7;-80;7;6,2
2022-12-23 09:27:30;3,664;26;0;589;37;20,7;-81;7;10,5
2022-12-23 09:37:30;3,664;23;0;579;37;20,7;-79;7;10
2022-12-23 09:47:29;3,661;26;0;582;37;20,7;-80;7;7,5
2022-12-23 09:57:29;3,664;26;0;583;37;20,8;-79;7;11
2022-12-23 10:27:29;3,661;50;0;580;37;20,8;-80;7;9,8
2022-12-23 10:57:29;3,664;57;0;587;37;20,8;-80;7;8
2022-12-23 11:07:29;3,661;63;0;573;37;20,8;-81;7;9,5
2022-12-23 11:17:29;3,664;87;0;566;37;20,8;-78;7;8,2
2022-12-23 11:27:29;3,664;53;0;555;37;20,7;-78;7;8,2
2022-12-23 12:17:28;3,664;40;0;553;37;20,6;-81;7;7,2
2022-12-23 12:27:29;3,661;60;0;550;37;20,5;-80;7;7,5
2022-12-23 12:37:29;3,664;33;0;562;37;20,4;-80;7;6,2
2022-12-23 12:47:28;3,664;30;0;559;37;20,5;-77;7;8,8
2022-12-23 13:07:29;3,664;40;0;554;37;20,4;-80;7;7,5
2022-12-23 13:17:29;3,664;43;0;557;37;20,4;-78;7;5,2
2022-12-23 13:27:29;3,664;40;0;552;37;20,4;-79;7;9,5
2022-12-23 14:27:29;3,664;421;0;549;37;20,3;-81;7;10,5
2022-12-23 14:47:28;3,664;77;0;539;37;20,3;-81;7;10
2022-12-23 14:57:29;3,661;60;0;539;37;20,3;-83;7;7,5
2022-12-23 15:07:29;3,664;26;0;539;37;20,3;-81;7;7
2022-12-23 15:47:28;3,664;6;0;537;37;20,2;-81;7;9,8
2022-12-23 15:57:28;3,664;6;0;535;37;20,2;-80;7;8,2
2022-12-23 16:07:28;3,664;3;0;534;38;20,2;-80;7;9
2022-12-23 16:17:28;3,664;3;0;528;38;20,2;-83;7;8
2022-12-23 16:27:28;3,664;0;0;525;38;20,2;-81;7;10,8
2022-12-23 16:47:28;3,664;3;0;524;38;20,2;-81;7;10,2
2022-12-23 16:57:28;3,664;0;0;513;38;20,1;-81;7;11
2022-12-23 17:17:28;3,661;0;0;521;38;20,1;-81;7;9,2
2022-12-23 17:57:27;3,664;0;0;521;38;20,1;-83;7;7,5
2022-12-23 18:17:27;3,664;0;0;530;38;20;-80;7;9,5
2022-12-23 18:47:27;3,664;0;0;527;38;20,1;-79;7;9,2
2022-12-23 18:57:28;3,661;0;0;515;38;20;-80;7;7,5
2022-12-23 19:17:27;3,664;0;0;519;38;20;-81;7;10,8
2022-12-23 19:37:27;3,661;0;0;516;38;20;-83;7;10,2
2022-12-23 19:57:27;3,661;0;0;521;38;20;-81;7;9,5
2022-12-23 20:17:27;3,664;0;0;512;38;19,9;-81;7;8
2022-12-23 20:37:27;3,661;0;0;504;38;20;-80;7;9,8
2022-12-23 20:47:27;3,664;0;0;507;38;20;-80;7;10,8
2022-12-23 20:57:27;3,664;0;0;505;38;19,9;-79;7;10
2022-12-23 21:27:27;3,664;0;0;505;38;19,9;-80;7;9
2022-12-23 21:57:27;3,664;0;0;502;38;19,9;-80;7;10
2022-12-23 22:17:27;3,661;0;0;507;38;19,9;-81;7;11
2022-12-23 22:27:27;3,664;0;0;498;38;19,9;-81;7;5,8
2022-12-23 22:37:26;3,664;0;0;510;38;19,9;-81;7;9,5
2022-12-23 22:57:27;3,664;0;0;499;38;19,9;-80;7;7
2022-12-23 23:07:26;3,664;0;0;511;37;19,8;-80;7;8
2022-12-23 23:37:26;3,664;0;0;496;38;19,9;-81;7;11,8
2022-12-24 00:07:26;3,664;0;0;487;38;19,8;-81;7;8,8
2022-12-24 01:27:26;3,664;0;0;497;38;19,8;-79;7;9,5
2022-12-24 01:57:27;3,664;0;0;509;38;19,8;-81;7;6,5
2022-12-24 02:07:26;3,664;0;0;499;37;19,8;-79;7;10,8
2022-12-24 02:17:26;3,664;0;0;490;37;19,7;-81;7;10,2
2022-12-24 02:27:26;3,661;0;0;487;37;19,8;-81;7;6,8
2022-12-24 02:47:26;3,664;0;0;494;38;19,8;-83;7;8,8
2022-12-24 03:17:26;3,664;0;0;473;37;19,8;-84;7;8
2022-12-24 04:37:26;3,664;0;0;488;37;19,7;-83;7;10,2
2022-12-24 04:57:26;3,661;0;0;476;37;19,6;-83;7;9,2
2022-12-24 05:37:25;3,664;0;0;466;37;19,7;-80;7;10,2
2022-12-24 05:57:26;3,664;0;0;479;37;19,7;-80;7;9,2
2022-12-24 06:07:26;3,664;0;0;474;37;19,6;-81;7;10,2
2022-12-24 06:37:25;3,661;0;0;467;37;19,7;-81;7;10
2022-12-24 06:47:25;3,664;0;0;457;37;19,6;-81;7;9,8
2022-12-24 07:07:25;3,664;0;0;464;37;19,7;-80;7;10,2
2022-12-24 07:57:25;3,664;0;0;460;37;19,6;-79;7;8,2
2022-12-24 08:17:25;3,664;0;0;491;37;19,5;-80;7;7
2022-12-24 08:57:25;3,664;6;0;467;37;19,6;-80;7;10,2
2022-12-24 09:07:25;3,664;10;0;475;37;19,6;-83;7;7
2022-12-24 09:47:25;3,664;23;0;461;37;19,6;-78;7;7
2022-12-24 10:07:25;3,664;20;0;457;37;19,6;-78;7;8,2
2022-12-24 10:17:25;3,661;23;0;463;37;19,5;-115;7;-3,8
2022-12-24 10:27:25;3,661;30;0;470;37;19,5;-81;7;11,2
2022-12-24 10:37:24;3,661;26;0;460;37;19,6;-80;7;9,5
2022-12-24 11:07:24;3,661;33;0;467;37;19,5;-79;7;6,8
2022-12-24 11:17:25;3,664;40;0;459;37;19,5;-80;7;8,5
2022-12-24 11:27:24;3,664;43;0;464;37;19,5;-81;7;9,5
2022-12-24 11:47:25;3,664;43;0;457;37;19,5;-83;7;10,2
2022-12-24 11:57:25;3,664;37;0;468;37;19,5;-81;7;9,5
2022-12-24 12:17:24;3,664;37;0;455;37;19,5;-80;7;7,2
2022-12-24 12:57:24;3,661;57;0;451;37;19,5;-83;7;10,2
2022-12-24 13:17:25;3,664;37;0;451;37;19,5;-83;7;10,2
2022-12-24 13:27:24;3,664;43;0;464;37;19,5;-81;7;11
2022-12-24 13:47:24;3,664;40;0;467;37;19,5;-81;7;9
2022-12-24 14:37:24;3,664;16;0;450;37;19,4;-81;7;9,8
2022-12-24 14:57:24;3,664;13;0;450;37;19,4;-77;7;9,8
2022-12-24 15:27:23;3,664;6;0;449;37;19,4;-79;7;8,2
2022-12-24 15:37:24;3,661;3;0;457;37;19,4;-83;7;10,5
2022-12-24 16:07:23;3,661;3;0;452;37;19,4;-83;7;9,5
2022-12-24 16:17:24;3,664;0;0;441;37;19,4;-78;7;8,2
2022-12-24 16:57:24;3,664;0;0;435;37;19,4;-82;7;9
2022-12-24 17:17:23;3,664;0;0;440;37;19,4;-83;7;10,2
2022-12-24 17:47:24;3,664;0;0;438;37;19,3;-81;7;7
2022-12-24 18:07:24;3,664;0;0;442;37;19,4;-83;7;10,2
2022-12-24 18:27:23;3,664;0;0;443;37;19,4;-81;7;10,2
2022-12-24 18:57:23;3,664;0;0;434;37;19,3;-81;7;8
2022-12-24 19:37:23;3,664;0;0;458;37;19,3;-83;7;10
2022-12-24 19:57:23;3,664;0;0;433;37;19,3;-80;7;9,5
2022-12-24 20:37:23;3,664;0;0;443;37;19,3;-83;7;4,8
2022-12-24 20:47:23;3,664;0;0;434;37;19,3;-80;7;9,8
2022-12-24 21:17:22;3,664;0;0;435;37;19,3;-80;7;9,2
2022-12-24 22:07:22;3,664;0;0;436;37;19,3;-81;7;9,5
2022-12-24 22:37:22;3,664;0;0;432;37;19,3;-83;7;9,2
2022-12-24 22:57:23;3,664;0;0;429;37;19,2;-79;7;9,2
2022-12-24 23:47:22;3,664;0;0;426;37;19,2;-83;7;10,2
2022-12-25 00:17:23;3,664;0;0;436;37;19,2;-80;7;10
2022-12-25 00:47:22;3,664;0;0;426;37;19,2;-83;7;9,8
2022-12-25 00:57:22;3,664;0;0;428;37;19,2;-80;7;8,8
2022-12-25 02:47:22;3,661;0;0;428;37;19,1;-80;7;9,8
2022-12-25 02:57:21;3,661;0;0;423;37;19,1;-78;7;9
2022-12-25 03:07:21;3,664;0;0;419;37;19,1;-81;7;7,8
2022-12-25 03:27:21;3,664;0;0;422;37;19,1;-79;7;9
2022-12-25 03:37:21;3,664;0;0;413;37;19,1;-81;7;9,8
2022-12-25 03:47:22;3,664;0;0;434;37;19,1;-83;7;10,5
2022-12-25 04:47:22;3,664;0;0;411;37;19,1;-80;7;8,8
2022-12-25 04:57:21;3,661;0;0;408;37;19,1;-83;7;9,8
2022-12-25 05:07:21;3,664;0;0;424;37;19,1;-83;7;7
2022-12-25 05:17:22;3,664;0;0;420;37;19,1;-81;7;9,2
2022-12-25 05:27:21;3,664;0;0;424;37;19,1;-81;7;8,5
2022-12-25 05:37:22;3,664;0;0;425;37;19,1;-80;7;9,5
2022-12-25 05:47:22;3,664;0;0;432;37;19,1;-81;7;7
2022-12-25 05:57:21;3,664;0;0;415;37;19,1;-84;7;4,5
2022-12-25 06:07:21;3,664;0;0;421;37;19,1;-80;7;8,2
2022-12-25 06:37:21;3,664;0;0;414;37;19,1;-83;7;10,5
2022-12-25 06:57:21;3,664;0;0;410;37;19,1;-81;7;8,8
2022-12-25 07:47:21;3,664;0;0;412;37;19,1;-80;7;8,8
2022-12-25 08:07:21;3,664;0;0;408;37;19;-81;7;10,5
2022-12-25 08:57:20;3,664;16;0;426;37;19;-81;7;10
2022-12-25 09:37:21;3,661;57;0;419;37;19,1;-80;7;7,2
2022-12-25 09:47:21;3,664;43;0;410;37;19,1;-80;7;7,5
2022-12-25 09:57:21;3,661;80;0;427;37;19;-81;7;9,2
2022-12-25 10:07:21;3,664;70;0;416;37;19;-79;7;9
2022-12-25 10:57:20;3,664;40;0;415;37;19,1;-79;7;10,5
2022-12-25 11:47:20;3,664;57;0;411;37;19;-80;7;6,8
2022-12-25 11:57:20;3,664;57;0;408;37;19;-80;7;10,2
2022-12-25 12:37:20;3,661;77;0;428;37;19;-80;7;10
2022-12-25 13:07:20;3,664;53;0;404;37;19;-79;7;8,8
2022-12-25 13:17:20;3,664;50;0;408;37;19;-79;7;9,5
2022-12-25 13:47:19;3,664;53;0;409;37;19;-80;7;7,5
2022-12-25 14:37:19;3,664;26;0;397;37;19;-79;7;7,8
2022-12-25 15:17:20;3,664;10;0;404;37;19;-79;7;7,8
2022-12-25 15:47:19;3,664;3;0;403;37;18,9;-80;7;8,8
2022-12-25 16:07:19;3,664;3;0;409;37;18,9;-81;7;9,8
2022-12-25 16:17:19;3,664;3;0;410;37;19;-80;7;7,5
2022-12-25 16:27:19;3,664;0;0;407;37;19;-80;7;10,5
2022-12-25 16:47:20;3,664;0;0;403;37;19;-78;7;9
2022-12-25 16:57:19;3,664;0;0;403;37;18,9;-79;7;9,5
2022-12-25 17:07:19;3,664;0;0;398;37;18,9;-83;7;7,8
2022-12-25 17:17:19;3,664;0;0;418;37;18,9;-81;7;10,2
2022-12-25 17:37:19;3,664;0;0;406;37;18,9;-78;7;9,8
2022-12-25 18:27:19;3,664;0;0;391;37;18,9;-81;7;3,2
2022-12-25 18:37:18;3,664;0;0;397;37;18,9;-81;7;11,5
2022-12-25 19:07:19;3,664;0;0;401;37;18,9;-79;7;9,5
2022-12-25 19:27:19;3,664;0;0;396;37;18,9;-80;7;9,5
2022-12-25 19:57:18;3,661;0;0;411;37;18,8;-83;7;10,2
2022-12-25 20:17:18;3,664;0;0;397;37;18,9;-81;7;7,8
2022-12-25 20:27:19;3,661;0;0;394;37;18,8;-81;7;7,5
2022-12-25 20:37:18;3,664;0;0;390;37;18,9;-80;7;9,5
2022-12-25 21:07:19;3,664;0;0;388;37;18,8;-81;7;9,2
2022-12-25 21:17:18;3,664;0;0;399;37;18,9;-80;7;9,5
2022-12-25 21:47:18;3,664;0;0;398;37;18,8;-79;7;9,2
2022-12-25 21:57:18;3,664;0;0;384;37;18,9;-84;7;7
2022-12-25 22:17:18;3,664;0;0;395;37;18,8;-80;7;9,5
2022-12-25 22:27:18;3,664;0;0;410;37;18,8;-84;7;7,2
2022-12-25 22:37:18;3,664;0;0;390;37;18,9;-80;7;9,8
2022-12-25 23:37:18;3,664;0;0;396;37;18,8;-81;7;9,8
2022-12-25 23:47:18;3,664;0;0;387;37;18,8;-84;7;7,5
2022-12-26 00:07:18;3,664;0;0;402;37;18,8;-83;7;11
2022-12-26 00:27:18;3,664;0;0;399;37;18,8;-81;7;10,8
2022-12-26 00:37:17;3,664;0;0;400;37;18,8;-83;7;8,2
2022-12-26 00:57:18;3,664;0;0;387;37;18,8;-81;7;9,2
2022-12-26 01:17:17;3,664;0;0;404;37;18,8;-81;7;11
2022-12-26 01:27:17;3,664;0;0;383;37;18,8;-80;7;10,8
2022-12-26 01:37:18;3,664;0;0;402;37;18,8;-80;7;9,2
2022-12-26 02:47:17;3,664;0;0;375;37;18,8;-83;7;9,8
2022-12-26 02:57:17;3,664;0;0;388;37;18,8;-81;7;7
2022-12-26 03:17:17;3,664;0;0;393;37;18,8;-83;7;10,2
2022-12-26 04:07:17;3,661;0;0;392;37;18,8;-80;7;9,5
2022-12-26 04:37:17;3,664;0;0;389;37;18,8;-84;7;7,5
2022-12-26 04:57:17;3,661;0;0;394;37;18,8;-81;7;11,2
2022-12-26 05:17:16;3,664;0;0;387;37;18,8;-81;7;10,2
2022-12-26 05:57:16;3,664;0;0;391;37;18,7;-83;7;9,8
2022-12-26 06:27:16;3,664;0;0;400;37;18,7;-85;7;4,2
2022-12-26 06:47:17;3,664;0;0;381;37;18,8;-83;7;9,2
2022-12-26 06:57:17;3,664;0;0;378;37;18,7;-81;7;7,5
2022-12-26 07:07:17;3,664;0;0;396;37;18,7;-81;7;10,2
2022-12-26 07:27:17;3,664;0;0;387;37;18,7;-83;7;11,2
2022-12-26 07:57:16;3,664;0;0;387;37;18,8;-83;7;11,5
2022-12-26 08:07:16;3,664;0;0;384;37;18,7;-81;7;9,8
2022-12-26 08:37:17;3,661;3;0;388;37;18,7;-81;7;9,5
2022-12-26 08:47:17;3,664;3;0;382;37;18,7;-80;7;9,8
2022-12-26 09:37:16;3,664;20;0;383;37;18,7;-79;7;10,2
2022-12-26 09:57:16;3,664;37;0;380;37;18,7;-83;7;5,8
2022-12-26 10:27:16;3,661;40;0;400;37;18,7;-80;7;9,2
2022-12-26 10:37:16;3,664;37;0;386;37;18,7;-79;7;10
2022-12-26 11:17:15;3,664;13;0;382;37;18,7;-80;7;7,2
2022-12-26 11:47:16;3,661;30;0;379;37;18,7;-81;7;5,5
2022-12-26 11:57:15;3,664;43;0;387;37;18,7;-80;7;11,2
2022-12-26 12:17:16;3,661;80;0;381;37;18,7;-79;7;10
2022-12-26 12:27:16;3,664;242;0;380;37;18,7;-80;7;11,2
2022-12-26 12:57:15;3,664;101;0;382;37;18,7;-80;7;9
2022-12-26 13:17:15;3,664;23;0;377;37;18,7;-80;7;10,5
2022-12-26 14:07:16;3,664;57;0;380;37;18,7;-80;7;9,5
2022-12-26 14:17:16;3,664;16;0;380;37;18,7;-80;7;9,5
2022-12-26 14:37:15;3,664;43;0;379;37;18,7;-80;7;9,2
2022-12-26 15:27:14;3,664;10;0;380;37;18,7;-84;7;9,5
2022-12-26 15:37:15;3,664;30;0;376;37;18,7;-83;7;3,5
2022-12-26 16:07:15;3,661;3;0;373;37;18,6;-83;7;10,2
2022-12-26 16:17:15;3,664;3;0;376;37;18,6;-83;7;9,5
2022-12-26 16:47:15;3,664;0;0;382;37;18,6;-84;7;10,5
2022-12-26 17:27:14;3,664;0;0;366;37;18,6;-85;7;9,2
2022-12-26 17:37:15;3,664;0;0;374;37;18,6;-80;7;9,2
2022-12-26 17:47:14;3,664;0;0;372;37;18,6;-83;7;7,2
2022-12-26 17:57:14;3,664;0;0;364;37;18,6;-84;7;3
2022-12-26 18:07:15;3,664;0;0;374;37;18,6;-80;7;10,5
2022-12-26 18:27:14;3,664;0;0;376;37;18,6;-82;7;7,5
2022-12-26 18:47:14;3,664;0;0;376;37;18,6;-83;7;10
2022-12-26 19:17:14;3,664;0;0;383;37;18,6;-79;7;8,8
2022-12-26 19:27:14;3,664;0;0;379;37;18,6;-79;7;9,8
2022-12-26 19:37:15;3,664;0;0;377;37;18,6;-83;7;9,5
2022-12-26 19:47:14;3,664;0;0;384;37;18,6;-85;7;8
2022-12-26 20:27:14;3,661;0;0;373;37;18,5;-83;7;7
2022-12-26 20:57:14;3,664;0;0;370;37;18,6;-83;7;10,5
2022-12-26 21:07:13;3,664;0;0;383;37;18,6;-84;7;8
2022-12-26 21:27:14;3,664;0;0;381;37;18,6;-83;7;9,8
2022-12-26 21:47:14;3,664;0;0;384;37;18,5;-81;7;7,2
2022-12-26 22:17:13;3,664;0;0;371;37;18,5;-81;7;8,5
2022-12-26 22:27:14;3,661;0;0;371;37;18,5;-83;7;9,2
2022-12-26 22:37:13;3,664;0;0;367;37;18,6;-83;7;9,8
2022-12-26 23:07:14;3,664;0;0;382;37;18,5;-83;7;7,8
2022-12-26 23:17:14;3,664;0;0;366;37;18,6;-79;7;9,2
2022-12-27 00:07:13;3,661;0;0;380;37;18,5;-81;7;10,2
2022-12-27 00:17:13;3,664;0;0;383;37;18,6;-79;7;9,8
2022-12-27 01:07:14;3,664;0;0;371;37;18,6;-81;7;9
2022-12-27 01:17:13;3,664;0;0;365;37;18,5;-81;7;10,8
2022-12-27 01:27:13;3,664;0;0;369;37;18,5;-81;7;9
2022-12-27 01:37:13;3,661;0;0;376;37;18,5;-79;7;10
2022-12-27 01:47:14;3,664;0;0;372;37;18,5;-80;7;7
2022-12-27 01:57:13;3,661;0;0;383;37;18,5;-79;7;10
2022-12-27 02:17:13;3,664;0;0;383;37;18,5;-80;7;10
2022-12-27 03:07:13;3,664;0;0;383;37;18,5;-80;7;7,5
2022-12-27 03:57:13;3,661;0;0;374;37;18,5;-81;7;9,8
2022-12-27 04:17:12;3,664;0;0;370;37;18,5;-83;7;7
2022-12-27 04:27:12;3,664;0;0;370;37;18,5;-83;7;7,8
2022-12-27 04:37:13;3,664;0;0;368;37;18,5;-81;7;10,8
2022-12-27 04:47:12;3,664;0;0;371;37;18,5;-80;7;9,5
2022-12-27 05:07:12;3,664;0;0;368;37;18,5;-84;7;10
2022-12-27 05:27:13;3,664;0;0;372;37;18,5;-81;7;9,5
2022-12-27 06:07:13;3,664;0;0;373;37;18,5;-79;7;8,5
2022-12-27 06:27:13;3,664;0;1;370;37;18,5;-81;7;9,2
2022-12-27 06:47:12;3,664;0;0;365;37;18,5;-81;7;9,2
2022-12-27 07:07:12;3,664;0;0;389;37;18,5;-79;7;8,2
2022-12-27 07:37:12;3,664;0;0;385;37;18,5;-79;7;8,8
2022-12-27 08:07:12;3,664;0;0;365;37;18,5;-81;7;10
2022-12-27 08:27:12;3,661;3;0;368;37;18,5;-80;7;8,8
2022-12-27 08:47:12;3,664;10;0;382;37;18,5;-80;7;8,8
2022-12-27 09:07:12;3,664;26;0;376;37;18,5;-81;7;11,5
2022-12-27 09:27:11;3,661;47;0;368;37;18,5;-80;7;9,2
2022-12-27 10:27:12;3,664;63;0;369;37;18,5;-77;7;7,2
2022-12-27 10:57:11;3,661;74;0;362;37;18,6;-75;7;9,5
2022-12-27 11:57:11;3,664;53;0;368;36;18,7;-78;7;9,8
2022-12-27 12:27:11;3,661;208;0;359;36;19;-77;7;9,2
2022-12-27 13:07:11;3,661;80;0;370;36;18,8;-81;7;9,5
2022-12-27 13:17:11;3,664;191;0;360;36;18,8;-81;7;10,8
2022-12-27 13:37:11;3,661;222;0;354;36;18,8;-80;7;8,5
2022-12-27 13:57:11;3,661;144;0;368;36;18,9;-77;7;9,5
2022-12-27 14:07:10;3,661;53;0;369;36;18,8;-78;7;10
2022-12-27 14:17:11;3,664;13;0;369;36;18,8;-79;7;9,8
2022-12-27 15:07:11;3,664;350;0;361;36;18,8;-80;7;8,2
2022-12-27 15:17:11;3,664;80;0;397;36;18,8;-78;7;9,2
2022-12-27 15:27:11;3,664;53;0;389;36;18,8;-77;7;9
2022-12-27 15:47:11;3,664;13;0;406;36;18,8;-80;7;7,5
2022-12-27 15:57:11;3,664;13;0;399;36;18,7;-80;7;10
2022-12-27 16:17:10;3,664;3;0;394;36;18,7;-81;7;7,2
2022-12-27 16:27:11;3,661;0;0;395;37;18,7;-80;7;11
2022-12-27 17:07:10;3,664;0;0;386;37;18,6;-79;7;8,5
2022-12-27 17:17:10;3,661;0;0;387;37;18,6;-80;7;10,8
2022-12-27 17:27:10;3,664;0;0;386;37;18,6;-79;7;9,8
2022-12-27 17:47:10;3,664;0;0;394;37;18,6;-80;7;7,2
2022-12-27 18:17:10;3,661;0;0;399;37;18,6;-80;7;11,2
2022-12-27 18:47:10;3,661;0;0;388;37;18,6;-79;7;9,2
2022-12-27 19:07:10;3,661;0;0;387;37;18,6;-79;7;7,5
2022-12-27 19:57:10;3,664;0;0;391;37;18,6;-79;7;10,8
2022-12-27 20:37:09;3,664;0;0;389;37;18,6;-80;7;7,5
2022-12-27 20:47:10;3,664;0;0;400;37;18,6;-76;7;10
2022-12-27 21:37:09;3,664;0;0;381;37;18,5;-75;7;9,5
2022-12-27 21:47:10;3,664;0;0;402;37;18,5;-78;7;7,2
2022-12-27 21:57:10;3,664;0;0;399;37;18,6;-79;7;8,2
2022-12-27 22:07:09;3,664;0;0;391;37;18,6;-77;7;9,2
2022-12-27 22:17:09;3,664;0;0;393;37;18,6;-78;7;8,8
2022-12-27 22:37:09;3,664;0;0;389;37;18,6;-80;7;8,8
2022-12-27 22:47:09;3,664;0;0;393;37;18,6;-79;7;9,2
2022-12-27 23:07:09;3,664;0;0;394;37;18,5;-80;7;9,5
2022-12-27 23:27:09;3,661;0;0;388;37;18,6;-78;7;11
2022-12-27 23:47:09;3,664;0;0;382;37;18,5;-78;7;9,8
2022-12-28 00:07:09;3,664;0;0;380;37;18,6;-79;7;9
2022-12-28 00:27:09;3,661;0;0;391;37;18,6;-79;7;10
2022-12-28 01:07:09;3,664;0;0;387;37;18,5;-78;7;9
2022-12-28 01:27:09;3,664;0;0;391;37;18,6;-79;7;9,8
2022-12-28 01:47:09;3,661;0;0;389;37;18,5;-80;7;8,2
2022-12-28 02:07:09;3,661;0;0;387;37;18,5;-78;7;9,8
2022-12-28 02:37:08;3,664;0;0;399;37;18,5;-79;7;10,2
2022-12-28 02:47:09;3,664;0;0;390;37;18,5;-76;7;10
2022-12-28 02:57:09;3,664;0;0;385;37;18,5;-79;7;7,5
2022-12-28 03:17:08;3,661;0;0;402;37;18,5;-76;7;6,5
2022-12-28 03:47:08;3,664;0;0;393;37;18,5;-77;7;9,5
2022-12-28 04:37:08;3,664;0;0;383;37;18,5;-79;7;4,5
2022-12-28 04:47:08;3,664;0;0;395;36;18,5;-79;7;10,8
2022-12-28 05:07:08;3,661;0;0;385;36;18,5;-80;7;6
2022-12-28 05:47:08;3,664;0;0;385;36;18,4;-79;7;7,5
2022-12-28 05:57:08;3,664;0;0;386;37;18,5;-77;7;9,2
2022-12-28 06:07:08;3,664;0;0;379;36;18,5;-79;7;10,5
2022-12-28 06:27:08;3,661;0;0;396;36;18,5;-80;7;9,8
2022-12-28 06:57:08;3,661;0;0;379;36;18,4;-77;7;8,5
2022-12-28 07:47:08;3,661;0;0;386;36;18,4;-79;7;8,8
2022-12-28 08:07:07;3,664;0;0;382;36;18,4;-81;7;10,8
2022-12-28 08:17:07;3,664;0;0;364;36;18,4;-79;7;7,5
2022-12-28 08:47:07;3,664;3;0;388;36;18,4;-79;7;10,8
2022-12-28 09:07:08;3,664;6;0;379;36;18,4;-80;7;7,2
2022-12-28 09:27:08;3,664;13;0;395;36;18,4;-81;7;11
2022-12-28 09:57:08;3,661;23;0;395;36;18,4;-80;7;7,2
2022-12-28 10:27:07;3,661;33;0;383;36;18,4;-80;7;7,2
2022-12-28 10:57:07;3,664;47;0;382;36;18,4;-79;7;6,8
2022-12-28 11:17:07;3,661;26;0;389;36;18,4;-78;7;6,5
2022-12-28 11:27:07;3,661;37;0;376;36;18,4;-78;7;9
2022-12-28 11:37:07;3,664;37;0;385;36;18,4;-80;7;10
2022-12-28 11:47:07;3,664;57;0;379;36;18,4;-80;7;9
2022-12-28 12:07:07;3,661;43;0;391;37;18,4;-81;7;11,2
2022-12-28 12:47:07;3,661;43;0;387;36;18,4;-77;7;10,2
2022-12-28 13:07:07;3,664;47;0;395;36;18,4;-79;7;7
2022-12-28 13:17:07;3,664;74;0;371;37;18,4;-80;7;9,5
2022-12-28 13:27:06;3,664;37;0;392;37;18,4;-80;7;10,8
2022-12-28 13:47:06;3,661;40;0;382;37;18,4;-80;7;6,8
2022-12-28 14:07:07;3,661;23;0;375;37;18,4;-78;7;9,5
2022-12-28 14:17:06;3,664;23;0;377;37;18,4;-80;7;10,2
2022-12-28 14:27:07;3,661;30;0;392;37;18,4;-79;7;9,2
2022-12-28 14:57:06;3,664;20;0;387;37;18,4;-79;7;10,2
2022-12-28 15:17:07;3,664;10;0;380;37;18,3;-79;7;10,2
2022-12-28 15:37:06;3,664;6;0;377;37;18,3;-79;7;9
2022-12-28 16:07:06;3,664;3;0;373;37;18,3;-80;7;9,5
2022-12-28 16:27:06;3,664;0;0;379;37;18,3;-81;7;11
2022-12-28 16:37:06;3,664;0;0;374;37;18,3;-80;7;11
2022-12-28 17:17:05;3,664;0;0;377;37;18,3;-115;7;-3,2
2022-12-28 17:27:06;3,664;0;0;387;37;18,3;-81;7;10,8
2022-12-28 17:47:05;3,664;0;0;378;37;18,3;-80;7;7,5
2022-12-28 18:07:06;3,664;0;0;390;37;18,3;-80;7;9,5
2022-12-28 18:57:06;3,664;0;0;382;37;18,3;-80;7;11,2
2022-12-28 19:07:06;3,664;0;0;383;37;18,3;-80;7;7,5
2022-12-28 19:27:05;3,661;0;0;380;37;18,2;-79;7;8,8
2022-12-28 19:37:05;3,661;0;0;382;37;18,2;-83;7;10,5
2022-12-28 20:07:06;3,661;0;0;372;37;18,3;-83;7;10,2
2022-12-28 20:17:05;3,664;0;0;380;37;18,3;-79;7;7,2
2022-12-28 20:37:05;3,664;0;0;381;37;18,3;-83;7;6,5
2022-12-28 20:57:05;3,661;0;0;373;37;18,2;-80;7;9
2022-12-28 21:07:06;3,664;0;0;385;37;18,2;-80;7;9
2022-12-28 21:17:05;3,664;0;0;386;37;18,2;-79;7;8,5
2022-12-28 21:57:05;3,664;0;0;395;37;18,2;-76;7;11,8
2022-12-28 22:37:05;3,664;0;0;382;37;18,2;-81;7;10,5
2022-12-28 22:47:05;3,661;0;0;353;37;18,2;-81;7;10,2
2022-12-28 22:57:05;3,664;0;0;380;37;18,2;-76;7;8,5
2022-12-28 23:27:05;3,664;0;0;381;37;18,2;-81;7;11
2022-12-28 23:47:05;3,661;0;0;381;37;18,2;-77;7;7,5
2022-12-28 23:57:05;3,661;0;0;377;37;18,2;-78;7;9
2022-12-29 00:27:05;3,664;0;0;377;37;18,1;-78;7;7
2022-12-29 00:37:05;3,661;0;0;360;37;18,2;-79;7;10
2022-12-29 00:47:05;3,664;0;0;369;37;18,2;-79;7;9,5
2022-12-29 01:47:04;3,661;0;0;378;37;18,2;-79;7;9,5
2022-12-29 01:57:04;3,664;0;0;365;37;18,2;-78;7;10,5
2022-12-29 02:27:04;3,664;0;0;375;37;18,2;-78;7;9,2
2022-12-29 02:37:04;3,664;0;0;379;37;18,2;-81;7;11
2022-12-29 02:57:04;3,661;0;0;366;37;18,2;-79;7;7
2022-12-29 03:07:04;3,664;0;0;360;37;18,2;-79;7;7,8
2022-12-29 03:27:04;3,661;0;0;385;37;18,2;-79;7;10,5
2022-12-29 03:57:04;3,664;0;0;368;37;18,1;-81;7;10,8
2022-12-29 04:07:04;3,664;0;0;366;37;18,1;-81;7;9,2
2022-12-29 04:27:04;3,664;0;0;379;37;18,2;-80;7;11,5
2022-12-29 04:37:04;3,661;0;0;369;37;18,2;-80;7;8
2022-12-29 05:17:03;3,664;3;0;386;37;18,1;-83;7;10,5
2022-12-29 05:37:04;3,664;3;1;375;37;18,1;-79;7;7,8
2022-12-29 05:57:04;3,664;0;0;374;37;18,1;-78;7;10,2
2022-12-29 06:17:04;3,664;0;0;385;37;18,2;-79;7;9,2
2022-12-29 06:27:04;3,661;0;0;367;37;18,1;-80;7;7,8
2022-12-29 06:37:04;3,661;0;0;370;37;18,2;-80;7;9,2
2022-12-29 06:57:03;3,661;0;0;387;37;18,1;-80;7;7,8
2022-12-29 07:17:04;3,664;0;0;380;37;18,1;-79;7;9,5
2022-12-29 07:47:03;3,664;0;0;378;37;18,1;-81;7;8
2022-12-29 07:57:03;3,661;0;0;373;38;18,1;-81;7;10
2022-12-29 08:37:03;3,661;6;0;383;37;18,1;-80;7;7,8
2022-12-29 08:47:03;3,664;10;0;378;38;18,1;-77;7;10
2022-12-29 09:07:03;3,664;6;0;359;38;18,1;-79;7;9,8
2022-12-29 09:27:03;3,661;10;0;364;37;18,1;-79;7;10,8
2022-12-29 09:47:03;3,664;40;0;370;38;18,1;-79;7;8,2
2022-12-29 09:57:03;3,664;158;0;373;38;18,2;-76;7;7,2
2022-12-29 11:07:03;3,664;90;0;375;38;18,2;-78;7;7,8
2022-12-29 11:37:03;3,661;289;0;370;37;18,2;-78;7;12
2022-12-29 11:47:02;3,664;229;0;378;38;18,3;-75;7;8,8
2022-12-29 12:07:02;3,664;683;0;362;37;18,4;-78;7;9,5
2022-12-29 12:27:03;3,661;198;0;370;37;18,6;-79;7;10
2022-12-29 13:07:02;3,661;165;0;381;37;18,5;-78;7;7
2022-12-29 13:27:02;3,664;43;0;383;37;18,5;-79;7;9,2
2022-12-29 14:27:02;3,661;40;0;367;37;18,4;-79;7;11,5
2022-12-29 14:47:02;3,664;47;0;377;37;18,4;-79;7;9,2
2022-12-29 15:07:02;3,661;30;0;365;37;18,4;-80;7;7,8
2022-12-29 15:27:02;3,664;20;0;374;37;18,3;-80;7;9,8
2022-12-29 15:37:02;3,664;10;0;375;37;18,3;-79;7;9,8
2022-12-29 16:17:02;3,664;3;0;376;37;18,3;-77;7;9,5
2022-12-29 16:37:02;3,664;0;0;367;37;18,3;-76;7;8,8
2022-12-29 16:47:01;3,661;3;0;371;37;18,3;-77;7;8,5
2022-12-29 16:57:02;3,661;0;0;380;37;18,3;-79;7;10,5
2022-12-29 17:17:01;3,661;0;0;369;37;18,3;-80;7;9,2
2022-12-29 17:27:02;3,659;0;0;383;37;18,3;-79;7;10,5
2022-12-29 17:47:01;3,664;0;0;365;38;18,3;-79;7;7,5
2022-12-29 18:17:01;3,664;0;0;375;37;18,3;-79;7;10
2022-12-29 18:37:02;3,661;0;0;376;37;18,2;-80;7;11,5
2022-12-29 19:17:02;3,661;0;0;380;37;18,2;-79;7;7,5
2022-12-29 19:27:01;3,664;0;0;387;37;18,2;-79;7;11
2022-12-29 19:47:01;3,664;0;0;372;38;18,2;-78;7;9,5
2022-12-29 19:57:02;3,661;0;0;374;37;18,2;-79;7;9,2
2022-12-29 20:17:01;3,664;0;0;372;38;18,2;-78;7;7,5
2022-12-29 20:37:01;3,661;0;0;374;37;18,2;-79;7;9,8
2022-12-29 20:47:01;3,664;0;0;361;37;18,2;-78;7;8,8
2022-12-29 20:57:01;3,661;0;0;372;37;18,2;-79;7;9,8
2022-12-29 21:27:01;3,664;0;0;362;37;18,2;-80;7;9,8
2022-12-29 22:17:01;3,661;0;0;370;37;18,2;-80;7;9,2
2022-12-29 22:37:01;3,661;0;0;389;37;18,1;-79;7;9,2
2022-12-29 22:47:01;3,664;0;0;366;37;18,2;-80;7;10,8
2022-12-29 22:57:01;3,664;0;0;369;37;18,2;-79;7;7
2022-12-29 23:27:01;3,661;0;0;376;37;18,2;-76;7;8
2022-12-29 23:37:00;3,661;0;0;369;37;18,2;-80;7;11
2022-12-29 23:47:00;3,664;0;0;369;37;18,2;-78;7;9
2022-12-29 23:57:00;3,664;0;0;376;37;18,2;-79;7;10,5
2022-12-30 00:07:00;3,664;0;0;360;37;18,2;-79;7;9,5
2022-12-30 00:17:00;3,661;0;0;380;37;18,2;-80;7;7,8
2022-12-30 00:27:00;3,664;0;0;371;37;18,1;-75;7;9,8
2022-12-30 00:47:01;3,664;0;0;374;37;18,2;-77;7;9,8
2022-12-30 01:27:00;3,664;0;0;376;37;18,1;-79;7;9,8
2022-12-30 01:57:00;3,664;0;0;384;37;18,2;-79;7;4,8
2022-12-30 02:17:00;3,661;0;0;376;37;18,2;-79;7;10,5
2022-12-30 02:37:00;3,661;0;0;378;37;18,1;-79;7;9,8
2022-12-30 03:17:00;3,664;0;0;379;37;18,1;-78;7;9,2
2022-12-30 03:46:59;3,661;0;0;378;37;18,1;-78;7;7,2
2022-12-30 04:07:00;3,664;0;0;374;37;18,1;-79;7;10
2022-12-30 04:56:59;3,664;0;0;369;37;18,1;-77;7;9,5
2022-12-30 05:17:00;3,661;0;0;372;37;18,1;-77;7;9,5
2022-12-30 05:26:59;3,664;0;0;373;37;18,1;-78;7;10,5
2022-12-30 05:56:59;3,661;0;0;371;37;18,2;-78;7;10,8
2022-12-30 06:16:59;3,661;0;0;376;37;18,1;-78;7;10,8
2022-12-30 06:27:00;3,661;0;0;371;37;18,1;-79;7;7,5
2022-12-30 06:36:59;3,661;0;0;376;37;18,1;-80;7;10,2
2022-12-30 07:26:59;3,661;0;0;368;37;18,1;-80;7;10,2
2022-12-30 07:46:59;3,661;0;0;373;37;18,1;-80;7;7,8
2022-12-30 08:16:59;3,661;3;0;371;37;18,2;-79;7;7
2022-12-30 08:56:59;3,661;23;0;382;37;18,1;-79;7;10,2
2022-12-30 09:06:59;3,661;23;0;377;37;18,1;-79;7;7
2022-12-30 09:26:59;3,661;77;0;369;37;18,2;-78;7;10,2
2022-12-30 10:26:59;3,661;828;0;371;37;18,5;-78;7;6,5
2022-12-30 10:36:58;3,661;1034;0;378;36;18,6;-78;7;10,2
2022-12-30 11:16:58;3,661;522;0;371;36;18,8;-77;7;6,8
2022-12-30 11:36:58;3,664;542;0;367;36;18,8;-78;7;10
2022-12-30 12:06:58;3,661;690;0;375;36;18,9;-79;7;9,8
2022-12-30 12:26:58;3,661;626;0;366;36;18,9;-78;7;9
2022-12-30 12:36:57;3,661;582;0;377;36;18,9;-79;7;11
2022-12-30 12:46:58;3,659;464;0;370;36;18,9;-80;7;9,2
2022-12-30 12:56:58;3,661;383;0;379;36;18,9;-78;7;9
2022-12-30 13:36:57;3,661;154;0;385;36;18,7;-81;7;7,5
2022-12-30 14:06:57;3,661;266;0;375;37;18,6;-81;7;9,8
2022-12-30 14:36:57;3,661;104;0;369;37;18,6;-80;7;10,8
2022-12-30 14:46:58;3,661;87;0;372;37;18,6;-80;7;10,5
2022-12-30 15:26:57;3,664;23;0;372;37;18,5;-81;7;10
2022-12-30 15:56:58;3,661;6;0;382;37;18,5;-80;7;9,5
2022-12-30 16:16:57;3,664;3;0;381;37;18,4;-83;7;11,5
2022-12-30 16:26:57;3,664;0;0;368;37;18,4;-79;7;9
2022-12-30 16:36:57;3,661;0;0;378;37;18,4;-81;7;7
2022-12-30 17:06:57;3,661;3;0;377;37;18,4;-78;7;9,5
2022-12-30 17:16:57;3,661;0;0;363;37;18,4;-80;7;10,2
2022-12-30 17:46:57;3,664;0;0;376;37;18,4;-80;7;10,5
2022-12-30 18:26:57;3,661;0;0;374;37;18,4;-79;7;9,2
2022-12-30 18:46:57;3,661;0;0;376;37;18,4;-78;7;9,2
2022-12-30 18:56:57;3,661;0;0;379;37;18,4;-81;7;9,5
2022-12-30 19:06:57;3,661;0;0;378;37;18,4;-75;7;10
2022-12-30 19:56:56;3,661;0;0;376;37;18,3;-80;7;9,5
2022-12-30 21:06:56;3,661;0;0;366;37;18,3;-77;7;7,8
2022-12-30 21:26:56;3,661;0;0;369;37;18,3;-78;7;9,2
2022-12-30 21:36:57;3,664;0;0;378;37;18,3;-77;7;7
2022-12-30 21:46:56;3,661;0;0;365;37;18,3;-77;7;7,5
2022-12-30 22:06:57;3,661;0;0;376;37;18,3;-78;7;10,5
2022-12-30 22:46:57;3,661;0;0;375;37;18,3;-80;7;9,8
2022-12-30 22:56:56;3,661;0;0;365;37;18,3;-79;7;7,8
2022-12-30 23:26:57;3,664;0;0;374;37;18,3;-76;7;9,2
2022-12-30 23:36:56;3,664;0;0;375;37;18,3;-79;7;10,2
2022-12-31 00:16:56;3,661;0;0;363;37;18,3;-81;7;7,2
2022-12-31 00:26:56;3,664;0;0;363;37;18,3;-80;7;8
2022-12-31 01:16:56;3,661;0;0;363;37;18,2;-77;7;8,8
2022-12-31 02:06:55;3,661;0;0;381;37;18,3;-77;7;10,5
2022-12-31 02:16:56;3,664;0;0;381;37;18,3;-77;7;10,2
2022-12-31 02:26:55;3,661;0;0;378;37;18,3;-79;7;10,5
2022-12-31 02:56:56;3,661;0;0;361;38;18,3;-78;7;9
2022-12-31 04:36:55;3,661;0;0;377;38;18,2;-76;7;9,2
2022-12-31 04:46:55;3,664;0;0;369;37;18,2;-77;7;9,5
2022-12-31 04:56:55;3,661;0;0;370;37;18,3;-77;7;9,8
2022-12-31 05:06:55;3,661;0;0;377;37;18,3;-78;7;10
2022-12-31 05:16:55;3,664;0;0;363;37;18,2;-79;7;9,2
2022-12-31 05:36:55;3,661;0;0;380;37;18,3;-78;7;11,5
2022-12-31 06:36:55;3,664;0;0;375;37;18,3;-79;7;9,5
2022-12-31 07:06:54;3,664;0;0;370;38;18,3;-78;7;8,8
2022-12-31 07:26:55;3,659;0;0;371;37;18,2;-78;7;9,2
2022-12-31 07:56:55;3,661;0;0;371;37;18,3;-76;7;9,5
2022-12-31 08:36:54;3,661;3;0;383;38;18,3;-77;7;10,2
2022-12-31 08:46:55;3,664;3;0;384;38;18,2;-77;7;8,8
2022-12-31 09:06:55;3,664;13;0;359;38;18,3;-78;7;8,2
2022-12-31 09:16:55;3,664;20;0;380;38;18,2;-81;7;10,2
2022-12-31 09:56:54;3,661;63;0;377;38;18,3;-79;7;9
2022-12-31 10:16:54;3,664;74;0;385;38;18,3;-80;7;10,2
2022-12-31 10:26:54;3,661;101;0;375;38;18,3;-80;7;7,8
2022-12-31 10:56:54;3,664;47;0;369;38;18,3;-78;7;9,2
2022-12-31 11:06:54;3,664;37;0;372;38;18,3;-79;7;11
2022-12-31 11:16:54;3,664;26;0;368;38;18,3;-80;7;6,5
2022-12-31 11:26:54;3,661;30;0;379;38;18,2;-77;7;8,8
2022-12-31 11:36:54;3,664;33;0;374;38;18,2;-79;7;9,5
2022-12-31 11:46:54;3,664;40;0;374;38;18,2;-79;7;7
2022-12-31 11:56:53;3,664;30;0;392;38;18,3;-78;7;11
2022-12-31 12:46:54;3,664;74;0;363;38;18,2;-81;7;10,2
2022-12-31 13:06:53;3,661;107;0;368;38;18,3;-80;7;11
2022-12-31 13:46:53;3,661;148;0;374;38;18,4;-78;7;8
2022-12-31 13:56:53;3,661;212;0;370;38;18,4;-75;7;5,8
2022-12-31 14:06:53;3,661;350;0;377;38;18,4;-77;7;11
2022-12-31 14:16:53;3,661;286;0;375;38;18,4;-74;7;9,2
2022-12-31 14:56:53;3,661;47;0;367;38;18,4;-78;7;7
2022-12-31 15:16:54;3,661;10;0;366;38;18,4;-78;7;10,2
2022-12-31 15:26:53;3,664;10;0;363;38;18,3;-77;7;9
2022-12-31 15:46:53;3,661;3;0;364;38;18,3;-77;7;9,5
2022-12-31 16:16:53;3,661;3;0;356;38;18,4;-77;7;8,5
2022-12-31 16:26:53;3,661;0;0;364;38;18,4;-80;7;7
2022-12-31 16:36:53;3,661;0;0;374;38;18,4;-77;7;9
2022-12-31 16:46:53;3,661;0;0;363;38;18,3;-79;7;9,5
2022-12-31 17:06:53;3,661;0;0;367;38;18,3;-79;7;4,8
2022-12-31 18:06:53;3,661;0;0;366;38;18,3;-78;7;9,8
2022-12-31 18:16:53;3,661;0;0;358;38;18,3;-79;7;9,8
2022-12-31 18:26:53;3,661;0;0;365;38;18,3;-79;7;8
2022-12-31 19:26:53;3,664;0;0;365;38;18,3;-78;7;10,2
2022-12-31 19:36:52;3,661;0;0;369;38;18,3;-80;7;9,8
2022-12-31 20:16:52;3,664;0;0;370;38;18,3;-78;7;9,8
2022-12-31 21:46:52;3,661;0;0;363;38;18,3;-80;7;11,2
2022-12-31 21:56:52;3,661;0;0;371;38;18,3;-77;7;9,5
2022-12-31 22:06:52;3,661;0;0;373;38;18,3;-78;7;10
2022-12-31 22:36:52;3,661;0;0;379;38;18,3;-77;7;9,8
2022-12-31 22:46:51;3,664;0;0;360;38;18,3;-79;7;10,2
2022-12-31 22:56:52;3,664;0;0;365;38;18,3;-77;7;9,8
2022-12-31 23:06:52;3,661;0;0;367;38;18,3;-78;7;8,8
2022-12-31 23:26:51;3,661;0;0;364;38;18,3;-75;7;9,8
2022-12-31 23:36:51;3,661;0;0;367;38;18,3;-79;7;10
2022-12-31 23:46:51;3,664;0;0;359;39;18,3;-79;7;9,8
2023-01-01 00:06:52;3,661;0;0;365;39;18,3;-78;7;9,8
2023-01-01 00:36:51;3,661;0;0;366;39;18,3;-80;7;9,8
2023-01-01 00:56:52;3,661;0;0;376;39;18,4;-77;7;9,2
2023-01-01 01:06:51;3,659;0;0;365;39;18,4;-76;7;9,2
2023-01-01 01:16:51;3,661;0;0;373;38;18,4;-79;7;9,8
2023-01-01 01:26:51;3,661;0;0;367;39;18,3;-79;7;11,2
2023-01-01 01:36:52;3,661;0;0;364;39;18,4;-79;7;7,5
2023-01-01 01:46:51;3,661;0;0;372;39;18,4;-78;7;7,2
2023-01-01 02:16:52;3,661;0;0;373;39;18,4;-77;7;8,8
2023-01-01 02:26:51;3,664;0;0;375;39;18,3;-78;7;7,8
2023-01-01 02:36:51;3,661;0;0;364;39;18,3;-79;7;9,8
2023-01-01 02:46:51;3,661;0;0;357;38;18,4;-78;7;10,8
2023-01-01 03:06:51;3,661;0;0;376;38;18,3;-81;7;7,8
2023-01-01 03:26:51;3,661;0;0;374;39;18,4;-76;7;9,2
2023-01-01 03:36:51;3,664;0;0;363;38;18,4;-77;7;10,5
2023-01-01 03:46:51;3,661;0;0;354;39;18,4;-76;7;10
2023-01-01 03:56:51;3,661;0;0;364;39;18,4;-79;7;9,5
2023-01-01 04:16:50;3,664;0;0;372;38;18,4;-80;7;7,2
2023-01-01 05:06:51;3,661;0;0;380;38;18,4;-79;7;7,8
2023-01-01 05:26:51;3,661;0;0;359;39;18,4;-114;7;-6,5
2023-01-01 05:36:51;3,661;0;0;359;39;18,4;-80;7;7,8
2023-01-01 05:46:51;3,661;0;0;372;39;18,4;-79;7;7,2
2023-01-01 06:06:50;3,661;0;0;370;39;18,4;-78;7;8,5
2023-01-01 06:36:51;3,661;0;0;364;39;18,4;-79;7;10,2
2023-01-01 06:46:50;3,661;0;0;373;38;18,4;-80;7;9,5
2023-01-01 06:56:51;3,661;0;0;351;39;18,4;-78;7;6,5
2023-01-01 07:26:50;3,661;0;0;361;39;18,4;-79;7;9
2023-01-01 07:56:50;3,661;0;0;367;39;18,4;-79;7;9
2023-01-01 08:26:50;3,661;3;0;374;38;18,4;-81;7;7
2023-01-01 08:36:50;3,664;3;0;377;38;18,4;-79;7;9
2023-01-01 08:46:49;3,664;6;0;373;38;18,4;-78;7;10,2
2023-01-01 09:46:50;3,661;37;0;347;38;18,4;-81;7;9,8
2023-01-01 09:56:49;3,661;43;0;382;38;18,4;-81;7;6,8
2023-01-01 10:26:50;3,661;107;0;373;39;18,4;-83;7;8
2023-01-01 11:26:50;3,661;175;0;374;38;18,5;-80;7;9,5
2023-01-01 11:36:49;3,661;138;0;373;38;18,5;-78;7;8,8
2023-01-01 12:06:50;3,661;1364;0;355;38;18,8;-78;7;8,2
2023-01-01 12:26:49;3,659;697;0;365;38;19;-79;7;9
2023-01-01 12:36:50;3,661;1020;0;370;37;19,1;-80;7;10,8
2023-01-01 12:46:50;3,659;929;0;373;37;19,1;-79;7;11,2
2023-01-01 13:26:49;3,661;858;0;375;37;19,2;-80;7;11
2023-01-01 13:46:49;3,661;1546;0;378;37;19,3;-81;7;7,8
2023-01-01 14:16:49;3,661;1566;0;384;37;19,5;-77;7;10,2
2023-01-01 14:46:49;3,661;821;0;362;37;19,5;-78;7;8,8
2023-01-01 15:06:49;3,659;444;0;378;37;19,4;-81;7;7,2
2023-01-01 15:16:49;3,661;208;0;368;37;19,4;-81;7;8
2023-01-01 15:26:49;3,661;154;0;360;37;19,4;-80;7;10,8
2023-01-01 15:56:48;3,661;20;0;378;37;19,2;-79;7;10,2
2023-01-01 16:26:49;3,661;3;0;369;38;19,1;-79;7;9
2023-01-01 16:36:48;3,664;0;0;360;38;19,1;-81;7;9,5
2023-01-01 16:46:49;3,664;0;0;371;38;19;-81;7;9,8
2023-01-01 17:16:48;3,659;0;0;370;38;18,9;-80;7;12
2023-01-01 17:56:48;3,661;0;0;374;38;18,9;-81;7;11
2023-01-01 18:26:49;3,659;0;0;368;38;18,9;-80;7;10,5
2023-01-01 18:36:48;3,659;0;0;382;38;18,9;-79;7;8,8
2023-01-01 18:56:49;3,661;0;0;366;38;18,9;-80;7;10,5
2023-01-01 19:06:48;3,659;0;0;362;38;18,9;-78;7;9
2023-01-01 19:36:48;3,661;0;0;363;38;18,8;-80;7;10,2
2023-01-01 19:56:48;3,661;0;0;361;38;18,8;-78;7;9,5
2023-01-01 21:46:47;3,659;0;0;373;38;18,8;-78;7;9,8
2023-01-01 21:56:48;3,661;0;0;366;38;18,8;-80;7;6,2
2023-01-01 22:16:48;3,661;0;0;371;38;18,8;-79;7;10,8
2023-01-01 22:36:48;3,661;0;0;367;38;18,8;-78;7;9,8
2023-01-01 22:46:47;3,661;0;0;370;38;18,8;-77;7;9
2023-01-01 23:16:48;3,664;0;0;362;38;18,8;-80;7;9,5
2023-01-01 23:46:47;3,661;0;0;367;38;18,8;-81;7;6,2
2023-01-01 23:56:47;3,661;0;0;355;38;18,7;-80;7;9,2
2023-01-02 00:46:47;3,661;0;0;374;38;18,7;-81;7;10,8
2023-01-02 01:06:47;3,661;0;0;373;38;18,7;-83;7;9,8
2023-01-02 03:06:47;3,661;0;0;376;38;18,7;-81;7;10,2
2023-01-02 03:36:46;3,664;0;0;371;38;18,7;-80;7;10
2023-01-02 03:56:46;3,659;0;0;363;38;18,7;-81;7;10,5
2023-01-02 04:36:46;3,661;0;0;376;38;18,7;-80;7;7,2
2023-01-02 05:06:47;3,659;0;0;365;38;18,7;-80;7;11
2023-01-02 05:26:46;3,664;0;0;361;38;18,7;-79;7;9
2023-01-02 05:36:47;3,664;0;0;356;38;18,7;-78;7;7,2
2023-01-02 05:46:46;3,661;0;0;367;38;18,7;-80;7;11
2023-01-02 05:56:46;3,661;0;0;372;38;18,7;-80;7;10,5
2023-01-02 06:26:46;3,661;3;0;371;38;18,7;-79;7;5,8
2023-01-02 06:56:46;3,661;3;0;375;38;18,7;-81;7;7,5
2023-01-02 07:06:46;3,661;0;0;368;38;18,7;-80;7;10
2023-01-02 07:26:46;3,664;0;0;370;38;18,7;-78;7;10,2
2023-01-02 08:36:46;3,661;266;0;501;49;19;-77;7;5
2023-01-02 09:06:45;3,661;266;1;591;49;19,9;-78;7;9,5
2023-01-02 09:26:45;3,659;279;0;662;46;20,3;-85;7;9,2
2023-01-02 09:46:46;3,659;293;4;739;45;20,5;-80;7;7,8
2023-01-02 10:26:46;3,659;293;0;693;44;20,8;-77;7;7,2
2023-01-02 10:46:46;3,659;333;0;877;43;20,9;-81;7;9,5
2023-01-02 11:56:45;3,661;289;9;708;43;20,8;-81;7;10,2
2023-01-02 12:06:45;3,659;53;2;661;42;20,8;-83;7;9,8
2023-01-02 12:16:44;3,659;57;0;655;42;20,5;-80;7;8,5
2023-01-02 12:36:45;3,661;40;0;624;43;19,9;-81;7;10,5
2023-01-02 13:06:45;3,661;30;0;603;43;19,4;-86;7;7
2023-01-02 14:06:44;3,661;47;0;587;43;19,1;-114;7;-5,5
2023-01-02 14:26:44;3,661;37;0;560;43;19,1;-80;7;7,5
2023-01-02 14:56:45;3,659;30;0;555;43;19;-80;7;7
2023-01-02 15:06:44;3,661;20;0;575;43;19;-81;7;11
2023-01-02 15:26:45;3,661;37;0;532;43;19;-79;7;10,2
2023-01-02 15:36:45;3,661;20;0;545;43;19,1;-81;7;10
2023-01-02 16:26:44;3,661;3;0;526;42;19;-81;7;6,8
2023-01-02 17:16:44;3,661;0;0;515;42;18,9;-81;7;9,8
2023-01-02 17:56:44;3,661;0;0;508;42;18,9;-79;7;9,8
2023-01-02 18:06:44;3,661;0;0;501;42;18,9;-80;7;10,2
2023-01-02 18:16:44;3,661;0;0;488;42;18,8;-80;7;11
2023-01-02 18:26:44;3,664;0;0;498;42;18,9;-80;7;7,5
2023-01-02 18:46:44;3,661;0;0;490;42;18,8;-78;7;10,2
2023-01-02 19:16:43;3,661;0;0;486;42;18,8;-81;7;7,8
2023-01-02 20:26:44;3,664;0;0;475;41;18,8;-81;7;7,8
2023-01-02 20:36:43;3,661;0;0;471;42;18,8;-80;7;9,8
2023-01-02 20:46:43;3,659;0;0;469;42;18,8;-80;7;9,5
2023-01-02 20:56:43;3,661;0;0;467;41;18,8;-81;7;9,8
2023-01-02 21:06:43;3,661;0;0;476;41;18,7;-80;7;7,2
2023-01-02 21:16:43;3,661;0;0;457;41;18,8;-81;7;11,8
2023-01-02 21:26:44;3,661;0;0;461;41;18,8;-80;7;10,5
2023-01-02 21:56:43;3,664;0;0;466;41;18,8;-78;7;8,8
2023-01-02 22:16:44;3,661;0;0;457;41;18,7;-79;7;9,5
2023-01-02 22:46:43;3,661;0;0;456;41;18,7;-78;7;10
2023-01-02 22:56:42;3,661;0;0;462;41;18,7;-80;7;11,2
2023-01-02 23:06:43;3,661;0;0;458;41;18,7;-81;7;8,2
2023-01-02 23:46:42;3,664;0;0;451;41;18,7;-79;7;7,2
2023-01-02 23:56:43;3,661;0;0;439;41;18,7;-81;7;10,8
2023-01-03 00:06:42;3,661;0;0;465;41;18,7;-80;7;11
2023-01-03 00:26:42;3,661;0;0;441;41;18,7;-80;7;7
2023-01-03 00:36:42;3,661;0;0;477;41;18,7;-81;7;7,2
2023-01-03 00:46:43;3,661;0;0;461;41;18,6;-78;7;9
2023-01-03 01:56:43;3,661;0;0;450;41;18,7;-79;7;9
2023-01-03 02:06:42;3,661;0;0;433;41;18,6;-79;7;9,2
2023-01-03 02:16:42;3,664;0;0;437;41;18,7;-80;7;10,5
2023-01-03 02:26:42;3,661;0;0;433;41;18,7;-80;7;10,2
2023-01-03 02:36:42;3,661;0;0;422;41;18,7;-81;7;10
2023-01-03 03:16:42;3,661;0;0;450;41;18,6;-81;7;8
2023-01-03 03:26:42;3,661;0;0;427;41;18,6;-78;7;9
2023-01-03 03:36:42;3,661;0;0;435;41;18,6;-81;7;10
2023-01-03 03:56:42;3,661;0;0;431;41;18,6;-80;7;10
2023-01-03 04:16:42;3,661;0;0;436;41;18,6;-81;7;7,2
2023-01-03 04:46:42;3,661;0;0;434;41;18,6;-79;7;10,2
2023-01-03 05:26:42;3,661;0;0;422;41;18,6;-79;7;10
2023-01-03 05:36:42;3,661;3;0;429;41;18,6;-79;7;7
2023-01-03 05:56:41;3,659;3;0;429;41;18,6;-80;7;7
2023-01-03 06:06:42;3,661;0;3;470;43;18,6;-78;7;10,8
2023-01-03 06:16:41;3,661;0;0;490;44;18,7;-78;7;9,2
2023-01-03 06:26:42;3,661;0;0;480;45;18,7;-79;7;7,5
2023-01-03 06:36:42;3,659;0;0;467;45;18,7;-79;7;9
2023-01-03 06:46:41;3,661;0;0;469;44;18,7;-79;7;9,2
2023-01-03 06:56:41;3,661;0;0;486;44;18,6;-77;7;9,5
2023-01-03 07:26:42;3,664;0;0;492;44;18,6;-78;7;10,5
2023-01-03 07:36:41;3,661;0;0;459;44;18,6;-79;7;10,2
2023-01-03 08:36:41;3,661;13;0;460;43;18,6;-81;7;7,2
2023-01-03 08:56:41;3,659;43;0;469;43;18,6;-80;7;9,5
2023-01-03 09:06:41;3,664;70;0;464;43;18,6;-80;7;10,2
2023-01-03 09:46:41;3,659;373;0;448;42;18,8;-81;7;10,5
2023-01-03 09:56:42;3,659;727;0;456;42;18,8;-81;7;10,2
2023-01-03 10:06:41;3,661;909;0;436;42;19;-80;7;9,5
2023-01-03 10:26:41;3,661;1178;0;448;41;19,2;-83;7;9,5
2023-01-03 10:56:40;3,659;1606;0;458;40;19,6;-79;7;8,8
2023-01-03 11:16:41;3,659;895;0;438;40;19,7;-81;7;9
2023-01-03 11:36:41;3,661;629;0;436;40;19,7;-81;7;9,8
2023-01-03 12:06:41;3,661;1505;0;429;40;19,8;-79;7;8,8
2023-01-03 13:26:41;3,661;242;0;429;39;20,3;-80;7;9
2023-01-03 13:36:40;3,659;1317;0;432;39;20,3;-82;7;6,2
2023-01-03 13:46:40;3,661;1586;0;429;39;20,3;-81;7;9,5
2023-01-03 14:26:40;3,661;1525;0;424;38;20,5;-81;7;7
2023-01-03 14:46:40;3,659;1172;0;433;38;20,5;-114;7;-4
2023-01-03 15:26:40;3,659;464;0;437;39;20,4;-86;7;9,8
2023-01-03 16:46:39;3,661;0;0;418;40;19,8;-85;7;10
2023-01-03 17:06:40;3,661;0;0;428;40;19,7;-85;7;6
2023-01-03 18:26:39;3,659;0;0;414;40;19,6;-83;7;12
2023-01-03 18:46:40;3,659;0;0;410;40;19,6;-81;7;9,2
2023-01-03 19:06:40;3,659;0;0;418;40;19,5;-79;7;9
2023-01-03 19:16:40;3,659;0;0;419;40;19,5;-79;7;8,5
2023-01-03 19:26:39;3,661;0;0;402;40;19,5;-81;7;9,8
2023-01-03 20:06:39;3,661;0;0;426;40;19,4;-81;7;8,5
2023-01-03 20:26:39;3,661;0;0;430;40;19,4;-81;7;10
2023-01-03 20:56:39;3,659;0;0;417;40;19,4;-83;7;7
2023-01-03 21:16:39;3,661;0;0;431;40;19,4;-83;7;10,8
2023-01-03 21:26:39;3,661;0;0;426;40;19,4;-81;7;10,2
2023-01-03 22:06:39;3,659;0;0;426;40;19,4;-80;7;8,5
2023-01-03 22:26:39;3,661;0;0;421;40;19,4;-83;7;7,5
2023-01-03 22:36:39;3,659;0;0;423;40;19,3;-80;7;9,5
2023-01-03 22:46:38;3,661;0;0;408;40;19,3;-80;7;9
2023-01-03 23:26:39;3,661;0;0;421;40;19,3;-79;7;10,2
2023-01-03 23:46:38;3,661;0;0;402;40;19,2;-81;7;9
2023-01-03 23:56:38;3,659;0;0;408;40;19,2;-81;7;10,2
2023-01-04 00:06:38;3,659;0;0;405;40;19,2;-81;7;9,8
2023-01-04 00:26:38;3,661;0;0;408;40;19,3;-80;7;8
2023-01-04 00:56:38;3,661;0;0;422;40;19,2;-80;7;9,5
2023-01-04 01:06:38;3,661;0;0;414;40;19,2;-83;7;7,2
2023-01-04 01:36:38;3,661;0;0;410;40;19,2;-80;7;9,8
2023-01-04 01:56:38;3,661;0;0;398;40;19,2;-83;7;5,5
2023-01-04 02:26:38;3,661;0;0;409;40;19,2;-84;7;8
2023-01-04 02:36:37;3,661;0;0;394;40;19,2;-81;7;9,2
2023-01-04 02:46:38;3,661;0;0;387;40;19,2;-80;7;8,2
2023-01-04 02:56:38;3,661;0;0;394;40;19,2;-79;7;10
2023-01-04 03:06:38;3,661;0;0;416;40;19,2;-83;7;7,5
2023-01-04 03:16:38;3,661;0;0;409;39;19,2;-81;7;8,5
2023-01-04 03:36:38;3,661;0;0;397;39;19,2;-81;7;10
2023-01-04 04:26:37;3,659;0;0;381;39;19,1;-80;7;7,5
2023-01-04 04:46:38;3,659;0;0;391;39;19,1;-83;7;10,2
2023-01-04 04:56:38;3,659;0;0;396;39;19,1;-81;7;10,2
2023-01-04 05:06:37;3,661;0;0;400;39;19,1;-83;7;9,5
2023-01-04 05:46:37;3,661;3;0;401;39;19,1;-77;7;10,2
2023-01-04 06:26:37;3,661;0;0;409;39;19;-81;7;11
2023-01-04 06:36:37;3,661;0;0;394;39;19;-81;7;11,8
2023-01-04 06:56:37;3,661;3;0;390;39;19,1;-79;7;6,8
2023-01-04 07:16:37;3,661;0;0;392;39;19,1;-79;7;9,8
2023-01-04 07:36:37;3,661;0;0;394;39;19;-78;7;9,8
2023-01-04 08:06:37;3,661;306;8;485;41;19;-77;7;9,8
2023-01-04 08:16:37;3,664;255;3;672;45;19,4;-80;7;7,8
2023-01-04 08:46:36;3,661;266;0;850;45;20,3;-75;7;8,5
2023-01-04 08:56:37;3,659;266;1;884;44;20,6;-80;7;10,8
2023-01-04 09:26:36;3,661;10;2;695;41;21,1;-81;7;9
2023-01-04 09:36:37;3,659;279;1;745;40;20,8;-78;7;7
2023-01-04 09:46:37;3,659;262;2;694;39;20,9;-79;7;10,2
2023-01-04 09:56:36;3,661;255;1;735;39;21;-79;7;7,8
2023-01-04 10:06:36;3,659;249;0;696;39;21;-77;7;11
2023-01-04 10:26:37;3,659;245;0;681;39;21,1;-79;7;7,8
2023-01-04 10:36:37;3,661;259;0;699;39;21,1;-78;7;8,2
2023-01-04 10:46:37;3,659;269;0;668;39;21,2;-81;7;11
2023-01-04 11:06:36;3,659;282;2;642;38;21,2;-77;7;7,5
2023-01-04 11:16:37;3,659;293;0;583;38;21,3;-80;7;3,8
2023-01-04 11:46:36;3,659;26;0;531;38;21,2;-80;7;5
2023-01-04 11:56:36;3,659;40;0;518;38;20,9;-81;7;10,2
2023-01-04 12:06:36;3,659;43;0;500;39;20,5;-81;7;9,8
2023-01-04 12:26:37;3,661;23;0;492;40;20,1;-80;7;8,5
2023-01-04 12:36:36;3,661;37;0;508;40;19,9;-80;7;7
2023-01-04 12:46:36;3,659;340;0;547;40;19,8;-81;7;10,5
2023-01-04 13:06:36;3,659;326;0;752;42;20,6;-83;7;9,5
2023-01-04 13:36:36;3,659;293;19;945;41;21,2;-79;7;9,8
2023-01-04 13:46:36;3,659;309;22;1114;41;21,5;-82;7;9,8
2023-01-04 13:56:36;3,659;293;2;1059;41;21,5;-83;7;10,2
2023-01-04 14:16:35;3,659;30;0;961;40;21,4;-81;7;10
2023-01-04 14:26:36;3,661;30;0;940;40;20,9;-83;7;7,5
2023-01-04 14:46:36;3,659;50;0;901;41;20,4;-78;7;10,2
2023-01-04 14:56:35;3,659;63;0;883;41;20,2;-85;7;7,8
2023-01-04 15:06:35;3,661;63;0;876;41;20;-80;7;10,2
2023-01-04 15:26:36;3,661;26;0;874;42;19,8;-79;7;10,2
2023-01-04 16:46:36;3,659;3;0;785;42;19,4;-79;7;10,2
2023-01-04 17:36:35;3,661;0;0;729;42;19,4;-78;7;10
2023-01-04 17:56:35;3,661;0;0;732;42;19,4;-80;7;10
2023-01-04 18:26:35;3,661;0;0;695;42;19,3;-78;7;11
2023-01-04 19:06:35;3,661;0;0;674;41;19,3;-79;7;10,2
2023-01-04 19:56:35;3,661;0;0;670;41;19,2;-81;7;9,8
2023-01-04 20:16:35;3,661;0;0;658;41;19,3;-79;7;9,2
2023-01-04 20:46:35;3,661;0;0;643;41;19,2;-79;7;10
2023-01-04 20:56:35;3,659;0;0;636;41;19,2;-75;7;8,8
2023-01-04 21:06:34;3,661;0;0;632;41;19,2;-78;7;9,8
2023-01-04 21:16:35;3,661;0;0;625;41;19,2;-79;7;10,8
2023-01-04 21:26:34;3,661;0;0;625;41;19,2;-78;7;8,2
2023-01-04 21:46:35;3,661;0;0;641;41;19,2;-81;7;7,2
2023-01-04 22:06:34;3,661;0;0;621;41;19,2;-79;7;10
2023-01-04 22:16:34;3,664;0;0;614;41;19,1;-83;7;10,5
2023-01-04 22:26:35;3,661;0;0;604;41;19,1;-81;7;9,8
2023-01-04 22:46:34;3,661;0;0;611;41;19,1;-81;7;10
2023-01-04 22:56:34;3,661;0;0;592;41;19,1;-80;7;7
2023-01-04 23:06:35;3,661;0;0;590;41;19,1;-81;7;7,5
2023-01-04 23:36:34;3,661;0;0;587;41;19,1;-78;7;9
2023-01-04 23:46:34;3,659;0;0;594;41;19,1;-80;7;9,8
2023-01-04 23:56:34;3,659;0;0;596;41;19,1;-81;7;11
2023-01-05 00:06:34;3,661;0;0;606;41;19,1;-79;7;9,2
2023-01-05 00:16:34;3,661;0;0;586;41;19,1;-78;7;7
2023-01-05 00:26:34;3,661;0;0;574;41;19,1;-79;7;7,8
2023-01-05 00:46:34;3,659;0;0;577;41;19,1;-79;7;9
2023-01-05 01:06:34;3,664;0;0;581;41;19,1;-78;7;7,8
2023-01-05 02:06:33;3,661;0;0;559;41;19,1;-79;7;9
2023-01-05 02:16:34;3,661;0;0;549;41;19;-79;7;10,2
2023-01-05 02:36:33;3,661;0;0;547;41;19;-80;7;9,8
2023-01-05 02:46:33;3,661;0;0;542;41;19;-77;7;9,2
2023-01-05 02:56:34;3,661;0;0;544;41;19;-83;7;8,2
2023-01-05 04:56:33;3,661;0;0;511;41;18,9;-78;7;10
2023-01-05 05:06:33;3,661;3;4;525;41;19;-81;7;8,8
2023-01-05 05:26:33;3,661;0;0;519;41;19;-85;7;10,5
2023-01-05 05:56:32;3,659;0;0;513;41;18,9;-91;7;9,2
2023-01-05 06:06:33;3,661;0;0;513;41;18,9;-87;7;9,8
2023-01-05 06:26:33;3,661;0;0;509;41;18,9;-85;7;5,8
2023-01-05 07:26:33;3,661;3;0;507;41;18,9;-85;7;8,8
2023-01-05 07:36:33;3,664;3;0;495;41;18,9;-83;7;9
2023-01-05 07:56:32;3,661;3;0;511;41;18,9;-83;7;11
2023-01-05 08:26:33;3,661;74;1;495;41;18,9;-82;7;5,2
2023-01-05 09:26:32;3,659;313;0;577;38;20,5;-85;7;10,8
2023-01-05 09:36:32;3,659;579;0;586;38;20,7;-84;7;10
2023-01-05 09:46:32;3,661;784;4;607;37;20,8;-90;7;7,5
2023-01-05 10:46:33;3,659;1310;1;541;35;21,7;-81;7;9
2023-01-05 10:56:32;3,661;444;2;575;35;21,5;-80;7;9
2023-01-05 11:06:32;3,659;454;0;575;35;21,5;-81;7;7
2023-01-05 11:16:32;3,659;306;0;586;35;21,5;-84;7;10,5
2023-01-05 11:36:32;3,659;80;0;545;35;21,1;-80;7;10,5
2023-01-05 12:06:32;3,659;333;0;735;37;20,8;-83;7;9,8
2023-01-05 12:16:31;3,659;303;0;760;37;21;-83;7;9,2
2023-01-05 12:26:31;3,659;289;0;812;37;21,1;-83;7;7
2023-01-05 12:56:31;3,661;67;10;597;35;21,3;-82;7;10
2023-01-05 13:16:32;3,659;47;0;588;36;20,6;-81;7;10,5
2023-01-05 13:36:32;3,659;26;0;574;37;20,2;-86;7;10
2023-01-05 13:46:31;3,659;30;0;583;37;19,9;-86;7;7,8
2023-01-05 14:26:32;3,661;26;0;549;38;19,6;-80;7;9,8
2023-01-05 14:46:32;3,661;13;0;570;38;19,5;-81;7;10
2023-01-05 15:26:31;3,661;67;0;552;39;19,4;-84;7;11
2023-01-05 15:36:31;3,661;16;0;568;39;19,4;-80;7;9,5
2023-01-05 15:46:31;3,661;6;0;564;39;19,3;-83;7;6,8
2023-01-05 15:56:31;3,661;3;0;566;39;19,4;-82;7;8,5
2023-01-05 16:26:31;3,659;3;0;558;39;19,3;-82;7;11
2023-01-05 16:36:31;3,664;0;0;549;39;19,3;-83;7;9,8
2023-01-05 16:46:30;3,661;0;0;537;39;19,3;-81;7;9
2023-01-05 17:36:31;3,661;0;0;550;39;19,2;-83;7;10,5
2023-01-05 17:46:31;3,661;3;0;525;39;19,2;-84;7;8,2
2023-01-05 17:56:31;3,661;0;0;549;39;19,2;-82;7;9
2023-01-05 18:36:31;3,661;0;0;536;39;19,2;-81;7;9,2
2023-01-05 19:36:31;3,661;0;0;547;39;19,2;-80;7;9,2
2023-01-05 20:16:31;3,661;0;0;524;39;19,2;-82;7;7,5
2023-01-05 20:46:30;3,661;0;0;531;39;19,1;-85;7;10
2023-01-05 21:36:30;3,661;0;0;518;39;19,1;-82;7;9,5
2023-01-05 21:56:30;3,661;0;0;517;39;19,1;-85;7;7
2023-01-05 22:36:30;3,661;0;0;530;39;19,1;-82;7;9,8
2023-01-05 22:56:30;3,664;0;0;513;39;19,1;-84;7;7,5
2023-01-05 23:26:30;3,661;0;0;505;39;19,1;-84;7;9,8
2023-01-05 23:36:30;3,659;0;0;516;39;19,1;-81;7;10,2
2023-01-05 23:46:29;3,659;0;0;514;39;19,1;-81;7;9,2
2023-01-06 00:06:29;3,661;0;0;512;39;19;-83;7;10,5
2023-01-06 00:26:29;3,661;0;0;507;39;19,1;-83;7;7,5
2023-01-06 00:36:29;3,661;0;0;496;39;19;-84;7;7,8
2023-01-06 00:46:30;3,661;0;0;529;39;19,1;-83;7;9,2
2023-01-06 00:56:30;3,661;0;0;514;39;19;-83;7;10,8
2023-01-06 01:06:30;3,661;0;0;492;39;19;-83;7;9,8
2023-01-06 01:36:30;3,661;0;0;491;39;19;-83;7;8
2023-01-06 02:06:29;3,661;0;0;504;39;19;-83;7;8,5
2023-01-06 02:16:29;3,661;0;0;497;39;19;-81;7;10
2023-01-06 02:26:29;3,661;0;0;509;39;19;-85;7;5,5
2023-01-06 02:36:29;3,661;0;0;504;39;19;-81;7;9,8
2023-01-06 02:56:29;3,661;0;0;501;39;19;-83;7;10,5
2023-01-06 03:06:29;3,661;0;0;490;39;19;-83;7;10,5
2023-01-06 03:56:29;3,661;0;0;490;39;18,9;-81;7;11
2023-01-06 04:06:29;3,661;0;0;474;39;19;-83;7;10,2
2023-01-06 04:26:28;3,661;0;0;485;39;19;-81;7;10,8
2023-01-06 04:36:29;3,661;0;0;500;39;18,9;-85;7;9
2023-01-06 04:46:29;3,661;0;0;489;39;18,9;-84;7;9
2023-01-06 05:06:28;3,661;0;0;487;39;18,9;-84;7;0,5
2023-01-06 05:26:29;3,661;0;0;493;39;18,9;-83;7;9,2
2023-01-06 06:36:29;3,664;0;0;498;39;19;-83;7;9,2
2023-01-06 06:56:28;3,661;0;0;496;39;18,9;-83;7;9
2023-01-06 07:46:28;3,661;0;0;482;39;18,9;-85;7;4,2
2023-01-06 08:06:28;3,659;0;0;485;39;18,9;-85;7;9,8
2023-01-06 08:16:28;3,661;0;0;480;39;18,8;-83;7;7,2
2023-01-06 08:56:28;3,664;3;0;477;39;18,9;-85;7;9,8
2023-01-06 09:16:27;3,661;3;0;460;39;18,9;-80;7;10,2
2023-01-06 09:26:28;3,661;3;0;468;39;18,8;-82;7;9,5
2023-01-06 10:06:28;3,661;3;0;468;39;18,9;-80;7;8,8
2023-01-06 10:26:28;3,659;6;0;465;39;18,8;-83;7;9,2
2023-01-06 10:36:27;3,661;6;0;475;40;18,8;-80;7;11,5
2023-01-06 10:56:28;3,661;6;0;455;40;18,8;-80;7;9,5
2023-01-06 11:26:28;3,661;6;0;466;39;18,8;-79;7;9,2
2023-01-06 11:36:27;3,661;6;0;445;40;18,8;-81;7;10,2
2023-01-06 11:46:28;3,661;13;0;468;40;18,8;-80;7;6,8
2023-01-06 11:56:27;3,661;296;3;643;42;19,1;-76;7;9,2
2023-01-06 12:06:27;3,661;279;0;650;43;19,5;-80;7;9,5
2023-01-06 12:26:28;3,661;33;2;615;41;20;-79;7;7,5
2023-01-06 12:46:27;3,661;70;0;611;40;19,7;-79;7;9,5
2023-01-06 14:16:27;3,659;276;3;609;40;20,6;-78;7;11,2
2023-01-06 14:36:27;3,661;6;4;656;39;20,6;-81;7;10,8
2023-01-06 14:56:27;3,661;6;0;638;40;20;-78;7;9,8
2023-01-06 15:26:26;3,661;6;0;620;40;19,5;-78;7;11,8
2023-01-06 15:56:26;3,661;3;0;603;41;19,2;-80;7;11
2023-01-06 16:06:26;3,659;3;0;603;41;19,2;-79;7;8,8
2023-01-06 16:16:27;3,664;0;0;610;41;19,2;-79;7;7,2
2023-01-06 16:36:26;3,664;0;0;596;41;19,2;-77;7;4,5
2023-01-06 18:06:26;3,661;0;0;586;41;19,1;-79;7;10,2
2023-01-06 18:16:26;3,661;0;0;586;41;19;-79;7;9,5
2023-01-06 18:36:26;3,661;0;0;586;41;19;-80;7;9,2
2023-01-06 18:46:26;3,659;0;0;577;41;19;-80;7;9,8
2023-01-06 19:16:26;3,661;0;0;567;40;19;-77;7;7,2
2023-01-06 19:26:26;3,661;0;0;558;40;19;-77;7;9,5
2023-01-06 19:46:26;3,661;0;0;561;40;19;-79;7;7,5
2023-01-06 20:26:26;3,661;0;0;559;40;19;-79;7;10,8
2023-01-06 20:46:26;3,659;0;0;541;40;18,9;-77;7;10
2023-01-06 20:56:26;3,659;0;0;552;40;18,9;-79;7;9,2
2023-01-06 21:06:26;3,661;0;0;538;40;18,9;-79;7;8
2023-01-06 21:26:25;3,661;0;0;545;40;18,9;-79;7;9,2
2023-01-06 21:36:26;3,661;0;0;526;40;18,9;-77;7;8,8
2023-01-06 21:56:25;3,659;0;0;539;40;18,9;-77;7;7,2
2023-01-06 22:56:25;3,661;0;0;544;40;18,9;-77;7;9
2023-01-06 23:16:25;3,661;0;0;536;40;18,9;-77;7;10
2023-01-06 23:26:26;3,661;0;0;535;40;18,9;-75;7;9
2023-01-07 00:46:25;3,661;0;0;516;40;18,8;-77;7;9,2
2023-01-07 01:06:25;3,661;0;0;507;40;18,8;-79;7;9,5
2023-01-07 01:26:25;3,664;0;0;507;40;18,8;-81;7;9,8
2023-01-07 01:36:24;3,661;0;0;504;40;18,8;-77;7;10,5
2023-01-07 01:46:25;3,661;0;0;510;40;18,8;-79;7;9,8
2023-01-07 01:56:25;3,661;0;0;506;40;18,8;-79;7;8
2023-01-07 02:16:25;3,661;0;0;513;40;18,9;-79;7;8,2
2023-01-07 02:56:25;3,661;0;0;505;40;18,8;-76;7;10,2
2023-01-07 03:26:24;3,661;0;0;498;40;18,8;-77;7;10,2
2023-01-07 03:36:25;3,661;0;0;495;40;18,8;-79;7;9,5
2023-01-07 03:56:25;3,661;0;0;495;40;18,8;-80;7;11
2023-01-07 04:36:24;3,661;0;0;476;40;18,7;-76;7;9
2023-01-07 04:46:25;3,661;0;0;487;40;18,8;-75;7;8,5
2023-01-07 05:06:24;3,661;0;0;487;40;18,8;-79;7;6
2023-01-07 05:36:24;3,661;0;0;477;40;18,8;-77;7;9,2
2023-01-07 06:06:24;3,661;0;0;492;40;18,8;-77;7;10,8
2023-01-07 06:26:24;3,659;0;0;490;40;18,7;-79;7;7,2
2023-01-07 06:36:24;3,661;0;0;479;40;18,7;-78;7;9
2023-01-07 06:46:24;3,661;0;0;468;40;18,8;-115;7;-3,2
2023-01-07 06:56:23;3,661;0;0;482;40;18,8;-77;7;9
2023-01-07 07:16:24;3,661;0;0;495;40;18,8;-79;7;7,2
2023-01-07 08:26:24;3,661;0;0;464;40;18,8;-80;7;9,2
2023-01-07 08:46:24;3,661;3;0;473;40;18,8;-79;7;10,5
2023-01-07 08:56:23;3,659;3;0;495;39;19;-81;7;10
2023-01-07 09:06:24;3,661;3;0;469;39;19;-81;7;10,2
2023-01-07 09:16:23;3,661;6;0;480;39;19,1;-81;7;9
2023-01-07 09:26:23;3,659;3;0;465;39;19,2;-83;7;9,8
2023-01-07 09:46:23;3,661;6;0;459;39;19,3;-79;7;8,8
2023-01-07 10:06:23;3,661;10;0;465;39;19,3;-78;7;10
2023-01-07 10:46:23;3,661;13;0;469;39;19,4;-80;7;10
2023-01-07 10:56:24;3,661;10;0;468;39;19,4;-81;7;8
2023-01-07 11:16:23;3,659;13;0;462;39;19,4;-77;7;6,8
2023-01-07 11:46:23;3,659;13;0;460;39;19,5;-78;7;5,5
2023-01-07 12:06:23;3,661;23;0;450;39;19,4;-80;7;9,8
2023-01-07 12:26:23;3,659;10;0;450;39;19,5;-80;7;9,2
2023-01-07 12:36:23;3,661;13;0;457;39;19,4;-78;7;9,2
2023-01-07 13:46:22;3,661;33;0;441;39;19,3;-80;7;7
2023-01-07 13:56:23;3,661;26;0;453;39;19,3;-79;7;5,2
2023-01-07 14:06:23;3,661;37;0;451;39;19,2;-78;7;9,2
2023-01-07 14:16:23;3,661;33;0;454;39;19,2;-79;7;10,2
2023-01-07 14:36:23;3,661;30;0;444;39;19,2;-80;7;9
2023-01-07 15:06:22;3,659;10;0;449;40;19,2;-81;7;10,8
2023-01-07 15:36:22;3,661;6;0;435;40;19,2;-80;7;10
2023-01-07 16:06:22;3,659;3;0;443;40;19,1;-80;7;9,2
2023-01-07 16:56:22;3,661;0;0;447;40;19,1;-81;7;10,5
2023-01-07 17:06:22;3,661;0;0;446;40;19,1;-81;7;10,2
2023-01-07 17:16:22;3,661;0;0;451;40;19;-81;7;9,8
2023-01-07 17:46:22;3,659;0;0;454;40;19;-80;7;8
2023-01-07 17:56:22;3,661;0;0;451;40;19;-78;7;5,2
2023-01-07 18:06:22;3,659;0;0;444;40;19;-79;7;9,2
2023-01-07 18:36:22;3,659;0;0;448;40;19;-81;7;9,2
2023-01-07 18:56:22;3,661;0;0;445;40;19;-79;7;10,2
2023-01-07 19:16:22;3,661;0;0;439;40;18,9;-115;7;-5,8
2023-01-07 20:06:22;3,659;0;0;437;40;18,9;-80;7;10,2
2023-01-07 20:36:22;3,659;0;0;449;40;18,9;-79;7;3,2
2023-01-07 21:16:22;3,661;0;0;447;40;19;-81;7;9,8
2023-01-07 21:26:21;3,661;0;0;445;40;18,9;-81;7;10,8
2023-01-07 21:36:21;3,661;0;0;437;40;18,9;-78;7;10
2023-01-07 21:46:21;3,661;0;0;428;40;18,8;-79;7;9,2
2023-01-07 21:56:21;3,661;0;0;428;40;18,9;-78;7;9,2
2023-01-07 22:46:21;3,661;0;0;445;40;18,8;-81;7;10
2023-01-07 23:06:21;3,661;0;0;441;40;18,8;-78;7;8,8
2023-01-07 23:26:21;3,661;0;0;460;40;18,8;-79;7;9
2023-01-07 23:36:21;3,661;0;0;446;40;18,8;-79;7;10
2023-01-07 23:46:21;3,661;0;0;424;40;18,8;-80;7;5,8
2023-01-08 00:06:20;3,659;0;0;429;40;18,8;-81;7;9,5
2023-01-08 00:16:20;3,661;0;0;432;40;18,8;-81;7;7,2
2023-01-08 00:46:20;3,664;0;0;432;40;18,7;-81;7;9,5
2023-01-08 00:56:20;3,661;0;0;431;40;18,7;-83;7;7,5
2023-01-08 01:16:20;3,661;0;0;427;40;18,7;-81;7;8,2
2023-01-08 01:46:20;3,661;0;0;422;40;18,8;-81;7;7
2023-01-08 01:56:20;3,661;0;0;427;40;18,8;-79;7;6,5
2023-01-08 02:06:20;3,661;0;0;432;40;18,8;-79;7;9,2
2023-01-08 02:16:20;3,661;0;0;416;40;18,8;-80;7;11
2023-01-08 02:56:21;3,661;0;0;427;40;18,7;-79;7;9,8
2023-01-08 03:06:20;3,661;0;0;424;40;18,7;-80;7;10,5
2023-01-08 03:16:21;3,661;0;0;429;40;18,7;-79;7;10,8
2023-01-08 03:26:21;3,661;0;0;431;40;18,7;-79;7;10,2
2023-01-08 03:36:20;3,661;0;0;440;40;18,7;-80;7;10,8
2023-01-08 04:16:19;3,661;0;0;428;40;18,7;-79;7;10,2
2023-01-08 04:36:20;3,659;0;0;423;40;18,7;-81;7;7,2
2023-01-08 05:16:19;3,661;0;0;416;40;18,7;-80;7;8,8
2023-01-08 05:26:20;3,661;0;0;427;40;18,7;-81;7;10,8
2023-01-08 05:36:20;3,661;0;0;420;40;18,6;-79;7;7,8
2023-01-08 06:46:20;3,659;0;0;431;40;18,6;-81;7;8,8
2023-01-08 07:06:19;3,661;0;0;419;40;18,6;-79;7;9
2023-01-08 07:16:19;3,659;0;0;417;40;18,6;-81;7;7,5
2023-01-08 07:36:19;3,661;0;0;438;40;18,6;-81;7;9,2
2023-01-08 07:56:20;3,661;0;0;435;40;18,6;-80;7;9,5
2023-01-08 08:06:19;3,661;0;0;423;40;18,5;-81;7;10,8
2023-01-08 08:26:19;3,659;0;0;434;40;18,6;-80;7;10,2
2023-01-08 08:46:19;3,661;3;0;431;40;18,6;-80;7;10
2023-01-08 08:56:19;3,661;3;0;423;40;18,5;-81;7;9,8
2023-01-08 09:06:19;3,661;3;0;419;40;18,5;-81;7;9,2
2023-01-08 09:16:19;3,661;3;0;428;40;18,5;-79;7;9,2
2023-01-08 09:26:19;3,661;3;0;419;40;18,5;-80;7;9,5
2023-01-08 09:46:19;3,661;6;0;423;40;18,5;-80;7;6,8
2023-01-08 10:06:19;3,661;6;0;415;40;18,5;-80;7;10,5
2023-01-08 10:16:19;3,661;6;0;432;40;18,5;-81;7;10,8
2023-01-08 10:36:18;3,661;3;0;419;40;18,5;-80;7;10
2023-01-08 10:46:19;3,659;10;0;426;40;18,5;-80;7;10
2023-01-08 11:06:19;3,661;20;0;405;40;18,5;-79;7;10
2023-01-08 11:26:18;3,659;16;0;418;40;18,5;-113;7;-4,5
2023-01-08 11:46:19;3,661;20;0;412;40;18,5;-80;7;10
2023-01-08 11:56:19;3,661;33;0;417;40;18,5;-80;7;8,8
2023-01-08 12:06:18;3,661;16;0;404;40;18,5;-80;7;10
2023-01-08 12:26:18;3,661;26;0;415;40;18,5;-80;7;9,8
2023-01-08 12:46:18;3,661;20;0;421;40;18,5;-78;7;10,2
2023-01-08 13:06:19;3,664;16;0;416;40;18,5;-78;7;10,2
2023-01-08 13:36:18;3,661;37;0;416;40;18,5;-77;7;9,5
2023-01-08 13:56:18;3,661;239;0;422;40;18,5;-76;7;9
2023-01-08 14:36:18;3,661;198;0;421;40;18,6;-79;7;9,2
2023-01-08 15:26:18;3,661;67;0;419;40;18,6;-76;7;9
2023-01-08 15:46:18;3,659;10;0;414;40;18,6;-80;7;9,8
2023-01-08 15:56:18;3,661;6;0;419;40;18,6;-80;7;10
2023-01-08 16:26:17;3,661;3;0;417;40;18,6;-80;7;10,5
2023-01-08 16:36:18;3,661;0;0;422;40;18,6;-78;7;8,2
2023-01-08 16:46:18;3,661;0;0;425;40;18,6;-79;7;10,2
2023-01-08 17:26:17;3,661;0;0;418;40;18,6;-79;7;8,8
2023-01-08 18:26:18;3,661;0;0;420;40;18,6;-80;7;9
2023-01-08 18:36:18;3,661;0;0;411;40;18,5;-79;7;11,2
2023-01-08 19:06:17;3,659;0;0;418;40;18,5;-80;7;8
2023-01-08 20:26:17;3,661;0;0;420;40;18,5;-79;7;8
2023-01-08 21:06:16;3,661;0;0;415;40;18,5;-83;7;11
2023-01-08 21:26:17;3,659;0;0;412;40;18,5;-84;7;11,2
2023-01-08 22:16:16;3,659;0;0;425;40;18,5;-83;7;11,2
2023-01-08 23:06:16;3,661;0;0;418;40;18,5;-81;7;9,8
2023-01-08 23:16:17;3,659;0;0;407;40;18,5;-80;7;10,2
2023-01-08 23:26:17;3,659;0;0;398;40;18,4;-79;7;9,5
2023-01-08 23:36:17;3,661;0;0;412;40;18,4;-81;7;8,8
2023-01-08 23:46:17;3,661;0;0;407;40;18,5;-81;7;9
2023-01-08 23:56:17;3,661;0;0;407;40;18,5;-83;7;9,8
2023-01-09 00:26:16;3,661;0;0;421;40;18,5;-83;7;8
2023-01-09 00:36:17;3,661;0;0;413;40;18,5;-78;7;9,2
2023-01-09 01:06:17;3,661;0;0;395;40;18,4;-80;7;9
2023-01-09 01:36:17;3,661;0;0;413;40;18,4;-81;7;7,8
2023-01-09 02:06:16;3,661;0;0;416;40;18,4;-79;7;9
2023-01-09 02:26:16;3,661;0;0;401;40;18,4;-83;7;10,2
2023-01-09 02:56:15;3,661;0;0;422;40;18,4;-77;7;8,5
2023-01-09 03:06:16;3,661;0;0;406;40;18,4;-79;7;7,5
2023-01-09 03:16:16;3,661;0;0;410;40;18,4;-77;7;9,2
2023-01-09 03:56:15;3,659;0;0;402;40;18,4;-80;7;11
2023-01-09 04:16:16;3,659;0;0;403;40;18,4;-78;7;7,2
2023-01-09 04:26:15;3,659;0;0;416;40;18,3;-80;7;7
2023-01-09 04:56:15;3,659;0;0;403;40;18,4;-81;7;9,8
2023-01-09 05:06:15;3,661;0;0;402;40;18,3;-81;7;10,5
2023-01-09 05:16:15;3,661;0;0;406;40;18,4;-79;7;10,5
2023-01-09 05:36:15;3,661;3;1;415;40;18,4;-80;7;7,8
2023-01-09 05:46:16;3,659;0;0;409;40;18,3;-79;7;8,8
2023-01-09 05:56:16;3,661;0;0;401;40;18,4;-78;7;7,2
2023-01-09 06:16:15;3,661;0;0;423;40;18,4;-79;7;10,2
2023-01-09 06:26:15;3,659;0;0;413;40;18,4;-77;7;9
2023-01-09 06:46:15;3,661;3;0;424;40;18,4;-80;7;10,2
2023-01-09 06:56:15;3,659;0;0;409;39;18,6;-75;7;9
2023-01-09 07:06:15;3,661;0;0;411;39;18,6;-78;7;11,2
2023-01-09 07:26:15;3,659;3;0;400;39;18,8;-79;7;10
2023-01-09 07:56:15;3,659;3;0;405;39;18,9;-84;7;9,8
2023-01-09 08:06:15;3,661;0;0;412;39;19;-83;7;10,5
2023-01-09 08:26:15;3,661;0;0;421;39;19;-81;7;8
2023-01-09 09:16:15;3,661;3;0;419;39;19,1;-80;7;10
2023-01-09 09:26:14;3,661;3;0;411;39;19,2;-83;7;9,8
2023-01-09 09:46:14;3,661;3;0;408;38;19,2;-80;7;7,8
2023-01-09 09:56:14;3,661;6;0;416;38;19,2;-80;7;7,2
2023-01-09 10:06:15;3,659;16;0;411;38;19,2;-79;7;10,2
2023-01-09 10:56:14;3,659;20;0;415;38;19,3;-78;7;8,5
2023-01-09 11:16:14;3,659;333;8;668;40;19,6;-80;7;9,8
2023-01-09 11:36:15;3,661;458;0;714;40;20,3;-80;7;10,8
2023-01-09 11:46:14;3,659;377;6;820;40;20,6;-78;7;7,2
2023-01-09 11:56:14;3,659;299;1;950;40;20,8;-77;7;9
2023-01-09 12:06:14;3,659;309;0;1047;40;21;-80;7;9,8
2023-01-09 12:26:14;3,659;289;0;1187;40;21,2;-77;7;7,2
2023-01-09 12:46:14;3,659;296;0;1318;40;21,4;-77;7;9,8
2023-01-09 13:06:14;3,659;23;14;1222;39;21,5;-78;7;6,8
2023-01-09 13:16:14;3,659;20;0;1207;39;21,2;-79;7;9,8
2023-01-09 13:26:14;3,661;33;0;1183;39;20,9;-116;7;-5,5
2023-01-09 13:36:14;3,661;40;0;1169;40;20,7;-79;7;10
2023-01-09 13:46:14;3,659;205;0;1138;40;20,5;-79;7;10
2023-01-09 13:56:14;3,659;47;0;1122;40;20,4;-79;7;5,5
2023-01-09 14:16:14;3,659;16;0;1077;40;20,1;-80;7;10,2
2023-01-09 14:36:14;3,659;30;0;1057;40;20;-80;7;9
2023-01-09 15:36:14;3,659;6;0;1006;40;20;-78;7;9,5
2023-01-09 16:56:14;3,659;3;0;915;40;20;-78;7;8,5
2023-01-09 17:16:14;3,659;3;0;902;40;19,9;-80;7;11,2
2023-01-09 17:26:14;3,659;3;0;902;40;19,9;-79;7;10
2023-01-09 17:36:14;3,659;3;0;884;40;19,9;-78;7;7
2023-01-09 17:56:14;3,661;3;0;858;40;19,8;-81;7;6,5
2023-01-09 18:56:13;3,659;3;0;841;40;19,6;-83;7;9,8
2023-01-09 19:06:13;3,659;3;0;821;40;19,6;-80;7;11
2023-01-09 19:16:13;3,659;0;0;852;40;19,5;-85;7;10,2
2023-01-09 19:46:13;3,664;0;0;814;40;19,5;-83;7;9,8
2023-01-09 19:56:13;3,659;0;0;808;40;19,4;-81;7;9,8
2023-01-09 20:16:12;3,659;3;0;807;40;19,4;-81;7;8,8
2023-01-09 20:26:12;3,661;0;0;799;40;19,4;-81;7;11,5
2023-01-09 20:36:13;3,661;0;0;791;40;19,3;-83;7;5
2023-01-09 20:46:12;3,659;0;0;780;40;19,3;-83;7;9,5
2023-01-09 20:56:13;3,661;0;0;781;41;19,3;-80;7;10,5
2023-01-09 21:06:12;3,659;0;0;774;40;19,3;-83;7;7
2023-01-09 21:16:13;3,659;0;0;784;40;19,3;-80;7;9,5
2023-01-09 21:26:13;3,659;3;0;777;40;19,2;-84;7;11
2023-01-09 21:46:12;3,659;0;0;765;40;19,2;-81;7;9,2
2023-01-09 22:06:12;3,661;0;0;755;40;19,2;-81;7;9
2023-01-09 22:16:12;3,661;0;0;761;41;19,2;-85;7;9,8
2023-01-09 22:26:12;3,661;0;0;765;40;19,1;-85;7;11,8
2023-01-09 22:46:13;3,659;0;0;764;41;19,2;-83;7;9,8
2023-01-09 23:06:12;3,661;0;0;745;41;19,2;-83;7;7,5
2023-01-09 23:46:12;3,661;0;0;745;41;19,1;-81;7;9,5
2023-01-10 00:26:11;3,661;0;0;698;40;19,1;-80;7;11
2023-01-10 00:36:12;3,659;0;0;719;40;19,1;-81;7;7,8
2023-01-10 00:46:12;3,659;0;0;711;40;19,1;-81;7;11
2023-01-10 00:56:12;3,661;0;0;720;41;19;-81;7;8,5
2023-01-10 01:36:12;3,659;0;0;708;41;19;-80;7;8,5
2023-01-10 01:46:12;3,659;0;0;705;40;19;-81;7;8,8
2023-01-10 02:06:11;3,659;0;0;714;41;19;-81;7;9,5
2023-01-10 02:36:12;3,659;0;0;693;40;19;-79;7;8,8
2023-01-10 02:46:12;3,659;0;0;691;40;19;-81;7;10,8
2023-01-10 03:16:11;3,661;0;0;699;40;19;-81;7;11,5
2023-01-10 03:46:12;3,661;0;0;693;40;18,9;-83;7;7,8
2023-01-10 04:06:12;3,661;0;0;668;40;18,9;-80;7;8,5
2023-01-10 04:16:12;3,661;0;0;669;40;18,9;-80;7;10,5
2023-01-10 04:36:11;3,661;0;0;676;40;18,9;-84;7;5,2
2023-01-10 04:46:11;3,659;0;0;660;40;18,9;-81;7;9
2023-01-10 05:06:11;3,661;0;0;657;40;18,9;-83;7;7,5
2023-01-10 05:16:11;3,661;0;0;652;40;18,9;-81;7;10
2023-01-10 05:26:11;3,661;0;0;661;40;18,9;-81;7;11,2
2023-01-10 07:56:10;3,659;3;0;622;39;19,5;-80;7;9,8
2023-01-10 08:16:10;3,659;255;8;685;41;19,6;-81;7;9,8
2023-01-10 08:36:10;3,659;249;0;690;39;20,1;-79;7;7
2023-01-10 08:56:10;3,659;10;0;591;38;20,1;-80;7;11,2
2023-01-10 09:56:10;3,659;77;0;603;39;19,9;-78;7;9,2
2023-01-10 10:16:10;3,659;134;0;602;39;19,9;-77;7;9,2
2023-01-10 10:26:10;3,661;84;0;605;39;20;-78;7;6,2
2023-01-10 10:36:10;3,659;37;0;602;38;19,9;-78;7;9,5
2023-01-10 10:46:10;3,661;205;0;594;39;19,9;-79;7;11,2
2023-01-10 10:56:10;3,659;222;0;607;39;19,9;-77;7;10,5
2023-01-10 11:16:10;3,661;37;0;610;39;20;-78;7;7,8
2023-01-10 12:16:10;3,659;20;0;753;38;20,4;-74;7;7,8
2023-01-10 12:56:10;3,659;289;10;954;39;20,9;-78;7;8,8
2023-01-10 13:26:10;3,659;269;2;951;38;21,5;-78;7;8,8
2023-01-10 13:36:09;3,659;276;4;1003;38;21,4;-79;7;11,2
2023-01-10 14:06:09;3,659;252;4;1234;38;21,8;-77;7;10
2023-01-10 14:36:09;3,659;13;0;1160;38;21,6;-78;7;10,2
2023-01-10 15:06:09;3,659;6;0;1101;39;20,9;-77;7;8
2023-01-10 15:16:09;3,659;13;0;1087;39;20,8;-80;7;6
2023-01-10 15:36:09;3,659;282;1;1025;39;20,9;-78;7;10
2023-01-10 16:26:09;3,659;3;0;1156;39;21,1;-78;7;7,8
2023-01-10 16:56:09;3,659;3;0;1104;39;20,8;-81;7;9,8
2023-01-10 17:26:09;3,661;3;0;1061;40;20,6;-83;7;10,2
2023-01-10 18:36:09;3,659;3;0;1094;40;20,3;-81;7;9,8
2023-01-10 19:36:09;3,661;0;0;1003;40;20;-80;7;9,5
2023-01-10 19:46:09;3,659;0;0;976;40;20;-80;7;8,8
2023-01-10 19:56:08;3,659;3;0;961;40;20;-80;7;5
2023-01-10 20:16:08;3,661;0;0;950;40;19,9;-80;7;10,5
2023-01-10 20:56:09;3,659;0;0;901;40;19,8;-81;7;10,2
2023-01-10 21:06:09;3,659;3;0;884;40;19,8;-83;7;9
2023-01-10 21:26:08;3,659;0;0;864;40;19,7;-83;7;9,5
2023-01-10 21:36:08;3,661;0;0;841;40;19,7;-80;7;10,2
2023-01-10 22:46:08;3,661;0;0;767;40;19,6;-78;7;9,8
2023-01-10 22:56:07;3,661;0;0;769;40;19,6;-77;7;7,8
2023-01-10 23:16:08;3,659;0;0;761;40;19,6;-77;7;11,8
2023-01-10 23:26:08;3,659;0;0;759;40;19,5;-78;7;10
2023-01-11 00:26:08;3,659;0;0;712;40;19,4;-80;7;10
2023-01-11 00:36:07;3,659;0;0;717;40;19,5;-81;7;1
2023-01-11 00:56:07;3,659;0;0;692;40;19,4;-80;7;10,8
2023-01-11 01:06:07;3,661;0;0;694;40;19,3;-81;7;11
2023-01-11 01:16:08;3,661;0;0;698;40;19,4;-79;7;9
2023-01-11 01:26:07;3,661;0;0;678;40;19,4;-115;7;-5
2023-01-11 01:36:08;3,661;0;0;662;40;19,4;-77;7;8,2
2023-01-11 01:46:07;3,661;0;0;673;40;19,3;-80;7;9,5
2023-01-11 02:16:07;3,661;0;0;646;40;19,3;-81;7;9
2023-01-11 02:26:08;3,661;0;0;660;40;19,3;-83;7;8,8
2023-01-11 02:36:07;3,661;0;0;646;40;19,3;-80;7;11
2023-01-11 02:56:07;3,661;0;0;645;40;19,3;-79;7;8
2023-01-11 03:06:07;3,661;0;0;643;40;19,3;-79;7;7,2
2023-01-11 03:16:07;3,661;0;0;625;40;19,2;-79;7;7,5
2023-01-11 03:36:07;3,661;0;0;635;40;19,3;-81;7;9,2
2023-01-11 04:06:07;3,661;0;0;623;40;19,2;-81;7;9,8
2023-01-11 04:36:07;3,659;0;0;620;40;19,2;-79;7;10
2023-01-11 04:46:07;3,661;0;0;599;40;19,2;-114;7;-6,2
2023-01-11 04:56:07;3,661;0;0;608;40;19,2;-83;7;10
2023-01-11 05:06:07;3,659;0;0;598;40;19,2;-81;7;9,5
2023-01-11 05:46:06;3,661;0;0;596;40;19,1;-80;7;7
2023-01-11 06:26:06;3,661;0;0;593;40;19,2;-81;7;9,5
2023-01-11 07:06:06;3,661;0;0;590;40;19,3;-76;7;7,8
2023-01-11 08:26:06;3,661;3;0;583;39;19,6;-76;7;7,2
2023-01-11 08:36:06;3,661;0;0;576;39;19,6;-75;7;10,5
2023-01-11 08:46:06;3,659;0;0;569;39;19,6;-75;7;10
2023-01-11 08:56:06;3,661;3;0;573;39;19,7;-79;7;10,2
2023-01-11 09:36:05;3,661;279;4;749;41;20;-73;7;8,8
2023-01-11 09:56:06;3,659;282;4;992;42;20,7;-77;7;7,5
2023-01-11 10:26:06;3,659;289;0;1036;42;21,3;-83;7;7,2
2023-01-11 10:36:05;3,659;296;0;1162;42;21,4;-77;7;8,8
2023-01-11 11:36:05;3,659;293;0;1501;42;21,8;-81;7;11,8
2023-01-11 11:56:06;3,659;299;0;1625;42;21,9;-85;7;10
2023-01-11 12:06:05;3,659;296;2;1611;42;22;-81;7;10
2023-01-11 13:46:05;3,659;10;0;1100;42;20,8;-77;7;8
2023-01-11 14:36:05;3,659;10;0;1050;42;20,5;-76;7;8,5
2023-01-11 14:56:05;3,659;367;28;1172;43;20,7;-76;7;7
2023-01-11 15:16:05;3,659;262;3;1623;45;21,3;-81;7;10,8
2023-01-11 15:26:05;3,661;249;2;1766;46;21,6;-79;7;8,5
2023-01-11 15:46:05;3,659;255;0;2098;47;22,1;-86;7;9
2023-01-11 15:56:05;3,659;259;0;2210;47;22,2;-87;7;10
2023-01-11 16:26:04;3,659;262;6;2371;46;22,5;-79;7;10
2023-01-11 16:46:04;3,659;255;4;2176;45;22,6;-78;7;9,2
2023-01-11 17:06:04;3,659;0;20;1171;41;22,5;-83;7;11,2
2023-01-11 17:16:05;3,659;3;0;1178;41;22,1;-78;7;9,8
2023-01-11 17:26:04;3,659;0;0;1143;42;21,7;-113;7;-1,8
2023-01-11 17:56:05;3,659;3;0;1123;43;21,1;-80;7;9,8
2023-01-11 18:06:05;3,659;3;0;1137;43;20,9;-79;7;8,5
2023-01-11 18:16:05;3,659;3;0;1114;43;20,9;-79;7;9,2
2023-01-11 18:26:04;3,661;0;0;1099;44;20,8;-81;7;7,2
2023-01-11 18:46:05;3,659;3;0;1088;44;20,6;-80;7;9,5
2023-01-11 18:56:04;3,659;3;0;1095;44;20,6;-79;7;7,8
2023-01-11 19:26:04;3,659;0;0;1050;44;20,4;-83;7;11,2
2023-01-11 19:36:04;3,659;0;0;1033;44;20,3;-81;7;10
2023-01-11 19:46:04;3,659;0;0;1053;44;20,4;-81;7;5,2
2023-01-11 20:06:04;3,659;0;0;1006;43;20,2;-80;7;10,8
2023-01-11 20:16:04;3,659;0;0;971;43;20,2;-83;7;9,8
2023-01-11 20:26:03;3,661;0;0;979;43;20,2;-80;7;7,2
2023-01-11 20:36:04;3,659;0;0;970;43;20,2;-84;7;9,5
2023-01-11 21:16:03;3,659;0;0;929;43;20,1;-80;7;11,2
2023-01-11 21:36:04;3,659;0;0;928;43;20,1;-79;7;7,5
2023-01-11 21:56:03;3,661;0;0;914;43;20;-85;7;7,2
2023-01-11 22:16:03;3,661;0;0;903;43;20;-80;7;11,8
2023-01-11 22:26:04;3,661;0;0;881;43;20;-83;7;3,5
2023-01-11 22:36:03;3,661;0;0;891;43;20;-80;7;9,8
2023-01-11 23:06:03;3,661;0;0;875;43;19,9;-79;7;10,5
2023-01-11 23:46:03;3,661;0;0;855;43;19,9;-81;7;0
2023-01-12 00:36:03;3,659;0;0;814;42;19,9;-81;7;7,2
2023-01-12 01:06:03;3,661;0;0;802;42;19,8;-81;7;6,8
2023-01-12 01:16:03;3,661;0;0;801;42;19,8;-79;7;9,8
2023-01-12 01:26:03;3,659;0;0;779;42;19,8;-80;7;10
2023-01-12 01:36:03;3,659;0;0;790;42;19,8;-80;7;9,5
2023-01-12 01:56:03;3,659;0;0;763;42;19,7;-86;7;10
2023-01-12 02:06:03;3,661;0;0;764;42;19,7;-81;7;9,2
2023-01-12 02:16:03;3,661;0;0;767;42;19,8;-83;7;9,2
2023-01-12 02:26:02;3,661;0;0;748;42;19,7;-84;7;0
2023-01-12 02:36:03;3,661;0;0;742;42;19,7;-80;7;9,8
2023-01-12 03:16:02;3,661;0;0;736;42;19,7;-81;7;9,5
2023-01-12 03:36:02;3,661;0;0;726;42;19,6;-84;7;8,5
2023-01-12 04:26:02;3,661;0;0;734;42;19,6;-81;7;8,8
2023-01-12 04:46:02;3,659;0;0;728;42;19,6;-82;7;8,5
2023-01-12 04:56:02;3,659;0;0;749;42;19,6;-86;7;9,8
2023-01-12 05:06:02;3,659;0;0;723;42;19,6;-87;7;7,2
2023-01-12 05:16:03;3,661;0;0;712;42;19,5;-81;7;10,5
2023-01-12 05:26:02;3,664;0;0;701;42;19,6;-84;7;10
2023-01-12 05:36:02;3,661;0;0;698;42;19,6;-79;7;7,2
2023-01-12 05:46:02;3,661;0;0;704;42;19,5;-80;7;8,8
2023-01-12 06:16:02;3,661;0;0;687;42;19,5;-83;7;9,8
2023-01-12 06:36:02;3,659;3;0;688;42;19,5;-81;7;10
2023-01-12 06:46:02;3,661;0;0;696;42;19,6;-81;7;8,5
2023-01-12 07:06:01;3,659;0;0;700;42;19,6;-83;7;10
2023-01-12 07:16:02;3,659;0;0;697;41;19,7;-79;7;8,5
2023-01-12 07:26:02;3,661;0;0;683;41;19,7;-78;7;9,8
2023-01-12 07:36:02;3,661;3;0;686;41;19,8;-85;7;10
2023-01-12 08:36:01;3,661;0;0;670;41;19,9;-80;7;9
2023-01-12 08:46:02;3,661;299;6;703;42;19,9;-80;7;9,5
2023-01-12 09:16:01;3,659;266;2;988;45;21;-81;7;10,2
2023-01-12 09:46:01;3,659;262;1;1001;43;21,5;-81;7;7,5
2023-01-12 10:16:01;3,659;266;5;832;41;21,8;-87;7;9,8
2023-01-12 10:26:01;3,659;293;3;663;40;21,5;-91;7;8
2023-01-12 10:36:02;3,659;286;26;572;41;20,7;-86;7;11,8
2023-01-12 10:56:01;3,661;282;2;590;43;20;-78;7;7,2
2023-01-12 11:56:01;3,659;13;0;769;41;21,6;-87;7;10
2023-01-12 12:06:01;3,659;293;3;883;42;21,5;-81;7;9,8
2023-01-12 12:46:01;3,659;10;0;831;41;21,2;-79;7;9,5
2023-01-12 13:06:01;3,659;6;0;822;42;20,8;-83;7;10,2
2023-01-12 13:26:00;3,661;13;0;789;42;20,6;-81;7;8,8
2023-01-12 14:16:01;3,659;266;1;1119;42;21,5;-78;7;8,5
2023-01-12 14:36:01;3,659;279;0;1208;42;21,7;-79;7;9
2023-01-12 14:46:01;3,659;276;0;1283;42;21,8;-83;7;8,8
2023-01-12 15:06:00;3,659;269;0;1411;42;22;-79;7;9,8
2023-01-12 15:36:01;3,659;6;11;1479;42;22,3;-81;7;10
2023-01-12 16:16:01;3,659;3;0;1401;43;21,2;-87;7;9,2
2023-01-12 16:36:00;3,661;0;0;1329;43;20,9;-84;7;4,2
2023-01-12 16:46:00;3,659;3;0;1330;43;20,9;-91;7;10,5
2023-01-12 17:25:59;3,659;3;0;1278;43;20,6;-81;7;9,2
2023-01-12 17:36:00;3,659;3;0;1268;43;20,7;-78;7;7,2
2023-01-12 17:55:59;3,661;0;0;1269;43;20,5;-81;7;9,2
2023-01-12 18:36:00;3,661;0;0;1209;43;20,4;-80;7;9,8
2023-01-12 19:06:00;3,661;0;0;1207;44;20,4;-77;7;9
2023-01-12 19:16:00;3,659;0;0;1194;44;20,4;-82;7;9,8
2023-01-12 19:56:00;3,659;0;0;1175;44;20,2;-79;7;9
2023-01-12 20:05:59;3,661;0;0;1171;44;20,2;-81;7;10,2
2023-01-12 20:45:59;3,659;0;0;1112;43;20,1;-81;7;10,8
2023-01-12 21:25:59;3,661;3;0;1082;43;20,1;-80;7;10,8
2023-01-12 22:15:59;3,659;0;0;1128;43;20,1;-79;7;9,5
2023-01-12 23:15:59;3,659;0;0;1107;43;20;-78;7;5,5
2023-01-12 23:45:59;3,661;0;0;1066;43;20;-76;7;9,2
2023-01-12 23:55:59;3,661;0;0;1109;43;20;-78;7;9,5
2023-01-13 00:05:59;3,659;0;0;1091;43;20;-78;7;8,5
2023-01-13 00:15:58;3,659;0;0;1085;43;20;-80;7;7,2
2023-01-13 00:35:59;3,661;0;0;1073;43;20;-78;7;9
2023-01-13 01:15:59;3,661;0;0;1027;43;19,9;-79;7;9,8
2023-01-13 01:35:58;3,659;0;0;1002;43;20;-80;7;7,8
2023-01-13 01:55:59;3,661;0;0;1014;43;19,9;-79;7;11,8
2023-01-13 02:05:59;3,659;0;0;997;43;19,9;-80;7;8,8
2023-01-13 02:35:59;3,659;0;0;986;43;19,9;-79;7;11
2023-01-13 02:45:58;3,661;0;0;974;43;19,9;-80;7;9,8
2023-01-13 02:55:58;3,659;0;0;975;43;19,9;-79;7;7,5
2023-01-13 03:05:58;3,661;0;0;994;43;19,9;-80;7;9,2
2023-01-13 03:25:58;3,661;0;0;988;43;19,8;-77;7;9
2023-01-13 04:05:58;3,661;0;0;959;43;19,8;-80;7;10
2023-01-13 04:25:58;3,661;0;0;937;43;19,8;-79;7;7
2023-01-13 04:35:58;3,659;0;0;932;43;19,8;-80;7;6,8
2023-01-13 05:05:58;3,661;0;0;927;43;19,8;-81;7;9,2
2023-01-13 05:55:57;3,661;0;0;897;43;19,8;-80;7;10,8
2023-01-13 06:25:58;3,659;3;2;902;43;19,7;-79;7;3,8
2023-01-13 06:35:58;3,659;3;0;889;43;19,8;-80;7;11,2
2023-01-13 06:45:57;3,661;3;0;864;43;19,8;-81;7;10,5
2023-01-13 06:55:57;3,661;0;0;888;43;19,9;-77;7;8
2023-01-13 07:15:58;3,661;0;0;845;42;20;-79;7;8,5
2023-01-13 07:25:57;3,661;0;0;873;42;20;-80;7;9,8
2023-01-13 08:35:57;3,659;3;0;911;42;20,3;-78;7;11,5
2023-01-13 08:45:57;3,661;3;0;886;42;20,3;-77;7;9,2
2023-01-13 09:15:57;3,659;10;0;873;42;20,3;-77;7;1,8
2023-01-13 09:45:57;3,659;60;0;860;42;20,3;-77;7;7,8
2023-01-13 09:55:57;3,661;20;0;844;42;20,3;-79;7;9,2
2023-01-13 10:05:57;3,659;16;0;823;42;20,3;-79;7;9,5
2023-01-13 10:55:57;3,659;23;0;807;41;20,3;-80;7;9,8
2023-01-13 11:05:56;3,661;20;0;808;41;20,4;-76;7;9,2
2023-01-13 11:25:56;3,659;10;0;781;41;20,4;-79;7;10,2
2023-01-13 11:45:57;3,659;10;0;777;41;20,4;-83;7;7,2
2023-01-13 11:55:57;3,659;13;0;750;41;20,4;-77;7;10,2
2023-01-13 12:05:56;3,659;16;0;760;41;20,3;-79;7;9,5
2023-01-13 12:15:56;3,659;20;0;740;41;20,4;-80;7;10,5
2023-01-13 12:35:56;3,661;33;0;724;41;20,4;-80;7;6,5
2023-01-13 12:45:56;3,661;30;0;710;41;20,4;-83;7;10
2023-01-13 13:25:57;3,661;16;0;704;41;20,4;-77;7;10
2023-01-13 14:55:56;3,659;6;0;718;41;20,5;-78;7;5
2023-01-13 15:15:56;3,659;3;0;699;41;20,5;-79;7;7,8
2023-01-13 15:25:56;3,659;3;0;709;41;20,5;-80;7;11,8
2023-01-13 15:45:56;3,659;6;0;677;41;20,5;-78;7;7
2023-01-13 16:05:56;3,661;3;0;738;41;20,6;-78;7;9,8
2023-01-13 17:45:55;3,659;3;0;696;41;20,5;-77;7;9,2
2023-01-13 17:55:56;3,659;3;0;676;41;20,4;-76;7;8,8
2023-01-13 18:05:56;3,661;3;0;692;41;20,4;-79;7;11,5
2023-01-13 18:15:55;3,661;3;0;679;41;20,3;-79;7;9,2
2023-01-13 18:25:56;3,661;0;0;708;41;20,3;-81;7;10,2
2023-01-13 18:35:56;3,659;0;0;696;41;20,3;-79;7;9,5
2023-01-13 18:45:55;3,659;0;0;675;41;20,2;-80;7;10,2
2023-01-13 19:15:55;3,659;0;0;696;41;20,1;-79;7;7,5
2023-01-13 19:25:55;3,659;3;0;671;41;20,1;-77;7;9,2
2023-01-13 19:35:55;3,659;0;0;682;41;20,1;-78;7;10,2
2023-01-13 20:05:55;3,661;0;0;659;41;20,1;-78;7;9,2
2023-01-13 21:45:55;3,659;0;0;635;41;20;-77;7;8
2023-01-13 22:05:55;3,661;0;0;625;41;19,9;-77;7;10,2
2023-01-13 22:15:55;3,661;0;0;623;41;19,9;-77;7;9,8
2023-01-13 22:55:54;3,661;0;0;614;41;19,9;-75;7;9,2
2023-01-13 23:05:54;3,659;0;0;618;41;19,8;-75;7;7
2023-01-13 23:55:54;3,659;0;0;607;41;19,9;-75;7;8,8
2023-01-14 00:15:55;3,659;0;0;622;41;19,8;-77;7;11,8
2023-01-14 00:25:55;3,661;0;0;604;41;19,8;-79;7;7,5
2023-01-14 00:35:54;3,661;0;0;597;41;19,7;-77;7;9
2023-01-14 00:45:54;3,659;0;0;602;41;19,8;-77;7;9,5
2023-01-14 00:55:54;3,661;0;0;607;41;19,8;-78;7;10,2
2023-01-14 01:15:54;3,664;0;0;597;41;19,8;-78;7;10,2
2023-01-14 01:45:54;3,661;0;0;588;41;19,8;-77;7;7,2
2023-01-14 03:15:54;3,659;0;0;581;41;19,7;-77;7;10,2
2023-01-14 03:25:54;3,659;0;0;579;41;19,7;-75;7;8,5
2023-01-14 04:05:53;3,659;0;0;590;41;19,7;-79;7;10,5
2023-01-14 04:15:54;3,661;0;0;580;41;19,6;-78;7;9,8
2023-01-14 04:25:53;3,661;0;0;594;41;19,6;-76;7;8,8
2023-01-14 05:05:53;3,661;0;0;578;41;19,6;-77;7;10,2
2023-01-14 05:15:54;3,661;0;0;586;41;19,6;-79;7;11,8
2023-01-14 05:35:54;3,661;0;0;580;41;19,6;-77;7;10,2
2023-01-14 05:45:53;3,661;0;0;581;41;19,6;-77;7;7
2023-01-14 05:55:53;3,659;0;0;574;41;19,5;-77;7;11,2
2023-01-14 06:15:53;3,659;0;0;579;41;19,6;-75;7;8,5
2023-01-14 06:25:53;3,659;0;0;586;41;19,6;-78;7;9,5
2023-01-14 06:35:53;3,661;0;0;578;41;19,5;-77;7;8,8
2023-01-14 06:45:53;3,661;0;0;559;41;19,5;-79;7;10
2023-01-14 06:55:53;3,661;0;0;556;41;19,5;-78;7;7,5
2023-01-14 07:15:53;3,664;0;0;577;41;19,6;-77;7;10,2
2023-01-14 07:35:53;3,659;0;0;584;41;19,6;-78;7;8,5
2023-01-14 07:55:53;3,661;0;0;580;41;19,7;-78;7;10,8
2023-01-14 08:35:53;3,661;3;0;559;41;19,9;-78;7;8,2
2023-01-14 08:45:53;3,659;3;0;570;40;19,9;-78;7;11,5
2023-01-14 09:25:53;3,659;16;0;558;40;20;-78;7;11
2023-01-14 09:35:52;3,661;37;0;546;40;20;-75;7;9,5
2023-01-14 09:55:53;3,659;33;0;539;40;20,1;-78;7;9,8
2023-01-14 10:05:52;3,659;26;0;551;40;20,1;-77;7;8,2
2023-01-14 10:25:53;3,661;13;0;549;40;20,1;-78;7;11,2
2023-01-14 10:45:52;3,661;13;0;554;40;20,1;-78;7;10
2023-01-14 11:05:52;3,659;16;0;548;40;20,1;-75;7;7,5
2023-01-14 12:45:52;3,659;13;0;526;40;20,1;-77;7;9,2
2023-01-14 13:25:52;3,659;10;0;523;40;20;-78;7;9,8
2023-01-14 13:35:52;3,659;10;0;518;40;19,9;-75;7;7,5
2023-01-14 13:55:52;3,661;6;0;502;40;19,8;-75;7;5,8
2023-01-14 14:35:52;3,659;3;0;497;40;19,8;-77;7;9,2
2023-01-14 14:45:52;3,659;3;0;494;40;19,7;-75;7;9,2
2023-01-14 15:05:51;3,659;3;0;502;40;19,7;-74;7;9,5
2023-01-14 15:15:51;3,661;3;0;512;40;19,7;-77;7;10,2
2023-01-14 15:25:51;3,659;3;0;508;40;19,6;-75;7;10
2023-01-14 15:45:52;3,661;3;0;486;40;19,7;-77;7;7,5
2023-01-14 15:55:52;3,661;3;0;505;40;19,6;-77;7;9
2023-01-14 16:05:52;3,659;3;0;493;41;19,6;-78;7;11
2023-01-14 16:35:52;3,661;0;0;502;40;19,6;-79;7;7,5
2023-01-14 16:55:51;3,659;0;0;508;41;19,6;-79;7;10
2023-01-14 17:15:52;3,661;0;0;509;41;19,6;-78;7;10,2
2023-01-14 17:25:51;3,661;0;0;500;41;19,5;-78;7;8,5
2023-01-14 17:35:51;3,659;0;0;500;41;19,5;-77;7;7,5
2023-01-14 17:55:51;3,664;0;0;487;41;19,5;-77;7;10,2
2023-01-14 18:15:51;3,661;0;0;482;41;19,5;-78;7;8,8
2023-01-14 19:45:51;3,661;0;0;494;41;19,4;-79;7;2,5
2023-01-14 20:05:51;3,661;0;0;488;41;19,4;-78;7;10,8
2023-01-14 20:15:51;3,661;0;0;469;41;19,4;-77;7;7,2
2023-01-14 20:25:51;3,659;0;0;482;41;19,3;-76;7;8,5
2023-01-14 20:35:51;3,659;0;0;494;41;19,3;-79;7;5,2
2023-01-14 20:55:51;3,659;0;0;499;41;19,3;-80;7;8,5
2023-01-14 21:25:50;3,661;0;0;485;41;19,3;-78;7;9,2
2023-01-14 21:45:51;3,661;0;0;486;41;19,3;-76;7;7,2
2023-01-14 22:25:50;3,661;0;0;485;41;19,3;-78;7;6,8
2023-01-14 22:35:50;3,661;0;0;482;41;19,2;-78;7;9,5
2023-01-14 23:05:50;3,661;0;0;476;41;19,3;-79;7;10,5
2023-01-14 23:15:50;3,661;0;0;479;41;19,3;-77;7;9,2
2023-01-14 23:35:50;3,664;0;0;489;41;19,2;-79;7;9,8
2023-01-14 23:45:50;3,661;0;0;468;41;19,2;-78;7;9
